size,list_c
0,1
1,1
2,3
3,3
4,4
5,5
6,6
7,7
8,8
9,11
10,11
11,13
12,13
13,14
14,17
15,19
16,19
17,20
18,22
19,22
20,23
21,24
22,25
23,26
24,26
25,27
26,30
27,33
28,34
29,34
30,37
31,40
32,40
33,43
34,43
35,46
36,46
37,47
38,47
39,49
40,51
41,52
42,52
43,53
44,57
45,57
46,59
47,59
48,60
49,60
50,61
51,62
52,64
53,65
54,67
55,69
56,70
57,71
58,71
59,72
60,74
61,74
62,74
63,75
64,76
65,77
66,78
67,80
68,80
69,81
70,81
71,82
72,82
73,82
74,84
75,84
76,85
77,85
78,85
79,87
80,90
81,90
82,91
83,92
84,93
85,93
86,96
87,96
88,98
89,98
90,99
91,99
92,100
93,104
94,104
95,109
96,110
97,113
98,114
99,114
100,115
101,115
102,115
103,115
104,116
105,116
106,118
107,118
108,121
109,121
110,121
111,121
112,123
113,124
114,125
115,127
116,127
117,131
118,132
119,132
120,133
121,133
122,133
123,133
124,133
125,133
126,135
127,135
128,135
129,137
130,138
131,138
132,139
133,140
134,141
135,142
136,143
137,145
138,145
139,146
140,146
141,147
142,147
143,149
144,150
145,150
146,152
147,154
148,154
149,154
150,158
151,158
152,161
153,162
154,162
155,163
156,163
157,166
158,167
159,167
160,168
161,169
162,171
163,174
164,174
165,175
166,178
167,178
168,179
169,180
170,180
171,182
172,183
173,183
174,184
175,185
176,187
177,187
178,188
179,188
180,188
181,191
182,193
183,194
184,198
185,199
186,200
187,201
188,201
189,202
190,202
191,204
192,204
193,206
194,208
195,209
196,210
197,212
198,212
199,213
200,215
201,216
202,217
203,217
204,218
205,220
206,221
207,222
208,223
209,224
210,224
211,226
212,226
213,228
214,228
215,229
216,229
217,229
218,230
219,230
220,231
221,231
222,234
223,237
224,237
225,237
226,240
227,244
228,244
229,249
230,250
231,250
232,251
233,252
234,253
235,254
236,254
237,254
238,255
239,255
240,257
241,258
242,260
243,262
244,264
245,266
246,266
247,266
248,267
249,268
250,269
251,270
252,271
253,271
254,272
255,272
256,272
257,275
258,276
259,276
260,277
261,277
262,277
263,278
264,279
265,280
266,281
267,282
268,283
269,283
270,284
271,284
272,284
273,284
274,285
275,286
276,287
277,288
278,289
279,291
280,291
281,292
282,292
283,293
284,294
285,294
286,295
287,295
288,295
289,298
290,298
291,300
292,302
293,304
294,304
295,305
296,305
297,305
298,305
299,306
300,308
301,309
302,309
303,311
304,313
305,313
306,313
307,314
308,315
309,318
310,318
311,319
312,320
313,320
314,321
315,321
316,321
317,322
318,322
319,323
320,324
321,324
322,325
323,328
324,330
325,331
326,331
327,333
328,333
329,335
330,335
331,335
332,336
333,339
334,340
335,340
336,341
337,341
338,342
339,342
340,344
341,344
342,345
343,345
344,346
345,346
346,348
347,349
348,351
349,352
350,352
351,353
352,353
353,354
354,354
355,354
356,355
357,355
358,356
359,356
360,356
361,356
362,357
363,360
364,360
365,360
366,361
367,361
368,362
369,362
370,362
371,363
372,363
373,364
374,366
375,367
376,368
377,369
378,370
379,371
380,371
381,371
382,373
383,379
384,379
385,380
386,380
387,381
388,381
389,381
390,381
391,382
392,388
393,389
394,390
395,390
396,391
397,392
398,394
399,397
400,397
401,397
402,400
403,401
404,401
405,403
406,404
407,404
408,404
409,405
410,405
411,406
412,406
413,407
414,407
415,410
416,411
417,413
418,413
419,414
420,414
421,415
422,415
423,416
424,418
425,420
426,420
427,420
428,421
429,424
430,424
431,426
432,426
433,426
434,428
435,429
436,432
437,434
438,434
439,436
440,436
441,437
442,439
443,439
444,439
445,440
446,443
447,444
448,444
449,444
450,445
451,445
452,446
453,446
454,447
455,449
456,449
457,449
458,450
459,451
460,452
461,453
462,453
463,454
464,455
465,456
466,456
467,458
468,459
469,459
470,459
471,459
472,460
473,461
474,461
475,461
476,462
477,463
478,465
479,465
480,467
481,467
482,469
483,472
484,472
485,472
486,472
487,473
488,473
489,477
490,478
491,479
492,480
493,481
494,482
495,483
496,486
497,490
498,491
499,491
500,493
501,493
502,493
503,494
504,495
505,495
506,495
507,496
508,496
509,497
510,497
511,498
512,498
513,499
514,500
515,501
516,502
517,502
518,502
519,502
520,503
521,503
522,504
523,504
524,506
525,506
526,508
527,509
528,511
529,517
530,518
531,519
532,519
533,523
534,524
535,524
536,524
537,526
538,526
539,528
540,528
541,528
542,529
543,530
544,532
545,532
546,532
547,533
548,534
549,535
550,536
551,537
552,537
553,538
554,539
555,540
556,541
557,542
558,543
559,543
560,544
561,544
562,544
563,544
564,546
565,547
566,547
567,549
568,550
569,550
570,551
571,551
572,551
573,551
574,552
575,552
576,553
577,553
578,554
579,554
580,555
581,557
582,558
583,559
584,559
585,563
586,564
587,566
588,566
589,566
590,567
591,568
592,572
593,572
594,573
595,574
596,576
597,582
598,582
599,583
600,584
601,584
602,585
603,585
604,586
605,586
606,588
607,589
608,589
609,590
610,592
611,592
612,596
613,596
614,597
615,598
616,598
617,599
618,601
619,601
620,601
621,603
622,603
623,603
624,603
625,605
626,606
627,606
628,608
629,608
630,609
631,611
632,611
633,612
634,613
635,613
636,613
637,614
638,614
639,615
640,615
641,615
642,616
643,623
644,625
645,626
646,627
647,628
648,630
649,633
650,634
651,636
652,637
653,638
654,638
655,638
656,640
657,640
658,640
659,640
660,640
661,645
662,645
663,648
664,648
665,649
666,650
667,651
668,652
669,652
670,652
671,652
672,654
673,654
674,655
675,656
676,657
677,658
678,658
679,659
680,660
681,660
682,664
683,666
684,666
685,667
686,668
687,668
688,669
689,670
690,670
691,672
692,675
693,675
694,677
695,680
696,680
697,681
698,681
699,681
700,681
701,682
702,683
703,683
704,683
705,684
706,684
707,684
708,688
709,689
710,694
711,697
712,699
713,701
714,701
715,702
716,702
717,704
718,706
719,706
720,707
721,707
722,708
723,709
724,709
725,710
726,710
727,711
728,712
729,712
730,712
731,713
732,713
733,714
734,714
735,715
736,715
737,717
738,719
739,720
740,723
741,725
742,725
743,727
744,727
745,727
746,729
747,729
748,729
749,730
750,732
751,733
752,733
753,733
754,734
755,734
756,737
757,737
758,737
759,740
760,740
761,743
762,744
763,745
764,745
765,745
766,746
767,746
768,749
769,752
770,752
771,752
772,754
773,754
774,755
775,757
776,757
777,757
778,758
779,760
780,761
781,762
782,762
783,765
784,765
785,766
786,767
787,769
788,769
789,770
790,771
791,771
792,772
793,772
794,773
795,773
796,775
797,775
798,776
799,776
800,776
801,777
802,777
803,777
804,780
805,781
806,782
807,782
808,783
809,783
810,785
811,786
812,789
813,790
814,790
815,790
816,792
817,792
818,792
819,792
820,793
821,794
822,794
823,796
824,797
825,798
826,798
827,801
828,802
829,802
830,802
831,803
832,804
833,804
834,805
835,806
836,807
837,808
838,808
839,810
840,811
841,811
842,813
843,813
844,813
845,813
846,816
847,816
848,819
849,819
850,819
851,820
852,820
853,821
854,821
855,822
856,822
857,823
858,823
859,823
860,824
861,825
862,826
863,827
864,827
865,828
866,829
867,830
868,830
869,832
870,832
871,833
872,833
873,836
874,841
875,844
876,846
877,846
878,846
879,847
880,848
881,848
882,848
883,850
884,850
885,851
886,852
887,854
888,855
889,855
890,855
891,856
892,856
893,857
894,857
895,858
896,859
897,860
898,860
899,861
900,862
901,863
902,863
903,868
904,869
905,870
906,870
907,871
908,871
909,872
910,874
911,874
912,875
913,875
914,876
915,877
916,879
917,879
918,879
919,880
920,880
921,881
922,883
923,884
924,885
925,885
926,885
927,886
928,888
929,888
930,889
931,891
932,891
933,892
934,893
935,893
936,893
937,893
938,893
939,896
940,897
941,897
942,899
943,899
944,900
945,901
946,901
947,901
948,901
949,902
950,905
951,905
952,906
953,906
954,906
955,907
956,908
957,908
958,909
959,910
960,910
961,911
962,913
963,914
964,915
965,915
966,917
967,917
968,917
969,918
970,918
971,919
972,920
973,922
974,923
975,923
976,927
977,928
978,929
979,929
980,929
981,930
982,930
983,932
984,933
985,935
986,939
987,940
988,944
989,945
990,949
991,950
992,950
993,952
994,955
995,957
996,957
997,957
998,957
999,958
1000,958
1001,960
1002,962
1003,963
1004,964
1005,964
1006,964
1007,965
1008,966
1009,966
1010,966
1011,967
1012,968
1013,968
1014,968
1015,970
1016,973
1017,976
1018,976
1019,978
1020,978
1021,980
1022,981
1023,981
1024,983
1025,984
1026,985
1027,985
1028,986
1029,988
1030,989
1031,989
1032,990
1033,991
1034,991
1035,991
1036,991
1037,993
1038,993
1039,994
1040,996
1041,996
1042,996
1043,996
1044,1000
1045,1002
1046,1003
1047,1005
1048,1006
1049,1007
1050,1007
1051,1008
1052,1008
1053,1008
1054,1010
1055,1011
1056,1011
1057,1011
1058,1012
1059,1012
1060,1012
1061,1012
1062,1013
1063,1014
1064,1014
1065,1015
1066,1015
1067,1015
1068,1016
1069,1016
1070,1017
1071,1019
1072,1020
1073,1021
1074,1021
1075,1021
1076,1024
1077,1025
1078,1025
1079,1030
1080,1031
1081,1031
1082,1031
1083,1032
1084,1032
1085,1032
1086,1033
1087,1035
1088,1036
1089,1036
1090,1040
1091,1040
1092,1042
1093,1042
1094,1042
1095,1044
1096,1046
1097,1047
1098,1048
1099,1049
1100,1050
1101,1050
1102,1051
1103,1051
1104,1055
1105,1057
1106,1057
1107,1057
1108,1059
1109,1061
1110,1061
1111,1062
1112,1062
1113,1065
1114,1066
1115,1069
1116,1069
1117,1069
1118,1071
1119,1071
1120,1071
1121,1073
1122,1074
1123,1075
1124,1076
1125,1076
1126,1076
1127,1079
1128,1081
1129,1081
1130,1082
1131,1082
1132,1082
1133,1083
1134,1083
1135,1083
1136,1084
1137,1084
1138,1085
1139,1087
1140,1087
1141,1088
1142,1088
1143,1088
1144,1088
1145,1089
1146,1089
1147,1090
1148,1091
1149,1093
1150,1095
1151,1095
1152,1095
1153,1096
1154,1097
1155,1097
1156,1101
1157,1102
1158,1102
1159,1103
1160,1103
1161,1103
1162,1104
1163,1107
1164,1107
1165,1109
1166,1109
1167,1110
1168,1113
1169,1114
1170,1115
1171,1115
1172,1115
1173,1115
1174,1116
1175,1117
1176,1117
1177,1118
1178,1119
1179,1121
1180,1122
1181,1122
1182,1123
1183,1123
1184,1124
1185,1125
1186,1125
1187,1126
1188,1127
1189,1128
1190,1128
1191,1129
1192,1133
1193,1135
1194,1135
1195,1137
1196,1142
1197,1142
1198,1144
1199,1144
1200,1144
1201,1145
1202,1145
1203,1146
1204,1149
1205,1150
1206,1150
1207,1152
1208,1153
1209,1154
1210,1155
1211,1155
1212,1156
1213,1157
1214,1157
1215,1159
1216,1159
1217,1160
1218,1161
1219,1163
1220,1164
1221,1164
1222,1166
1223,1167
1224,1168
1225,1168
1226,1169
1227,1171
1228,1172
1229,1175
1230,1176
1231,1178
1232,1178
1233,1178
1234,1181
1235,1182
1236,1182
1237,1184
1238,1185
1239,1186
1240,1186
1241,1187
1242,1188
1243,1188
1244,1188
1245,1189
1246,1189
1247,1190
1248,1191
1249,1191
1250,1194
1251,1195
1252,1197
1253,1197
1254,1197
1255,1198
1256,1200
1257,1201
1258,1201
1259,1203
1260,1204
1261,1208
1262,1208
1263,1209
1264,1210
1265,1211
1266,1212
1267,1212
1268,1213
1269,1215
1270,1215
1271,1215
1272,1216
1273,1216
1274,1217
1275,1218
1276,1220
1277,1221
1278,1221
1279,1222
1280,1223
1281,1223
1282,1223
1283,1225
1284,1226
1285,1226
1286,1227
1287,1229
1288,1230
1289,1233
1290,1236
1291,1237
1292,1237
1293,1237
1294,1241
1295,1244
1296,1245
1297,1245
1298,1245
1299,1245
1300,1246
1301,1247
1302,1247
1303,1248
1304,1250
1305,1250
1306,1251
1307,1251
1308,1253
1309,1254
1310,1257
1311,1259
1312,1260
1313,1261
1314,1262
1315,1263
1316,1265
1317,1266
1318,1266
1319,1268
1320,1274
1321,1276
1322,1277
1323,1277
1324,1278
1325,1279
1326,1281
1327,1281
1328,1282
1329,1284
1330,1286
1331,1288
1332,1289
1333,1291
1334,1291
1335,1293
1336,1294
1337,1297
1338,1297
1339,1297
1340,1299
1341,1299
1342,1299
1343,1300
1344,1301
1345,1302
1346,1303
1347,1303
1348,1304
1349,1304
1350,1304
1351,1305
1352,1308
1353,1308
1354,1310
1355,1310
1356,1310
1357,1311
1358,1314
1359,1315
1360,1316
1361,1316
1362,1318
1363,1321
1364,1322
1365,1322
1366,1322
1367,1324
1368,1325
1369,1327
1370,1327
1371,1328
1372,1328
1373,1328
1374,1333
1375,1334
1376,1334
1377,1336
1378,1336
1379,1337
1380,1340
1381,1340
1382,1341
1383,1342
1384,1342
1385,1342
1386,1343
1387,1343
1388,1345
1389,1350
1390,1350
1391,1351
1392,1351
1393,1352
1394,1352
1395,1354
1396,1354
1397,1355
1398,1355
1399,1356
1400,1356
1401,1356
1402,1357
1403,1358
1404,1359
1405,1360
1406,1362
1407,1362
1408,1369
1409,1369
1410,1369
1411,1370
1412,1370
1413,1373
1414,1374
1415,1374
1416,1375
1417,1377
1418,1377
1419,1377
1420,1377
1421,1379
1422,1379
1423,1382
1424,1384
1425,1384
1426,1387
1427,1388
1428,1389
1429,1390
1430,1390
1431,1392
1432,1393
1433,1393
1434,1393
1435,1395
1436,1395
1437,1396
1438,1396
1439,1396
1440,1397
1441,1397
1442,1397
1443,1397
1444,1398
1445,1398
1446,1398
1447,1399
1448,1401
1449,1401
1450,1401
1451,1403
1452,1403
1453,1404
1454,1405
1455,1405
1456,1405
1457,1406
1458,1406
1459,1407
1460,1411
1461,1412
1462,1412
1463,1413
1464,1414
1465,1414
1466,1415
1467,1416
1468,1416
1469,1421
1470,1421
1471,1422
1472,1423
1473,1423
1474,1423
1475,1423
1476,1424
1477,1424
1478,1426
1479,1427
1480,1427
1481,1427
1482,1429
1483,1430
1484,1430
1485,1431
1486,1431
1487,1432
1488,1433
1489,1436
1490,1436
1491,1438
1492,1439
1493,1439
1494,1439
1495,1440
1496,1440
1497,1441
1498,1441
1499,1442
1500,1443
1501,1447
1502,1448
1503,1448
1504,1448
1505,1449
1506,1451
1507,1452
1508,1452
1509,1456
1510,1456
1511,1458
1512,1459
1513,1459
1514,1459
1515,1461
1516,1463
1517,1464
1518,1464
1519,1464
1520,1464
1521,1464
1522,1464
1523,1465
1524,1466
1525,1466
1526,1467
1527,1468
1528,1468
1529,1469
1530,1470
1531,1471
1532,1473
1533,1473
1534,1474
1535,1476
1536,1478
1537,1478
1538,1479
1539,1481
1540,1484
1541,1485
1542,1487
1543,1488
1544,1493
1545,1494
1546,1494
1547,1496
1548,1496
1549,1499
1550,1501
1551,1502
1552,1503
1553,1503
1554,1505
1555,1505
1556,1506
1557,1507
1558,1508
1559,1511
1560,1511
1561,1512
1562,1513
1563,1513
1564,1513
1565,1514
1566,1514
1567,1515
1568,1516
1569,1516
1570,1517
1571,1517
1572,1518
1573,1520
1574,1520
1575,1522
1576,1523
1577,1524
1578,1524
1579,1525
1580,1526
1581,1526
1582,1527
1583,1528
1584,1529
1585,1530
1586,1531
1587,1532
1588,1533
1589,1534
1590,1534
1591,1536
1592,1537
1593,1539
1594,1540
1595,1541
1596,1541
1597,1542
1598,1542
1599,1542
1600,1544
1601,1544
1602,1544
1603,1544
1604,1545
1605,1547
1606,1547
1607,1548
1608,1549
1609,1549
1610,1550
1611,1551
1612,1551
1613,1552
1614,1553
1615,1553
1616,1555
1617,1556
1618,1557
1619,1559
1620,1562
1621,1563
1622,1564
1623,1565
1624,1566
1625,1566
1626,1567
1627,1568
1628,1568
1629,1568
1630,1569
1631,1569
1632,1569
1633,1570
1634,1571
1635,1572
1636,1573
1637,1575
1638,1575
1639,1575
1640,1575
1641,1575
1642,1576
1643,1576
1644,1576
1645,1576
1646,1576
1647,1578
1648,1579
1649,1581
1650,1581
1651,1583
1652,1583
1653,1583
1654,1584
1655,1584
1656,1584
1657,1585
1658,1585
1659,1586
1660,1587
1661,1590
1662,1591
1663,1592
1664,1593
1665,1593
1666,1595
1667,1597
1668,1599
1669,1599
1670,1599
1671,1599
1672,1600
1673,1600
1674,1604
1675,1608
1676,1612
1677,1613
1678,1613
1679,1615
1680,1616
1681,1617
1682,1619
1683,1619
1684,1625
1685,1626
1686,1627
1687,1629
1688,1629
1689,1630
1690,1630
1691,1631
1692,1631
1693,1632
1694,1633
1695,1635
1696,1635
1697,1637
1698,1638
1699,1638
1700,1638
1701,1640
1702,1643
1703,1643
1704,1645
1705,1645
1706,1645
1707,1646
1708,1648
1709,1649
1710,1653
1711,1653
1712,1654
1713,1655
1714,1655
1715,1656
1716,1656
1717,1657
1718,1657
1719,1657
1720,1658
1721,1659
1722,1660
1723,1662
1724,1663
1725,1663
1726,1664
1727,1666
1728,1666
1729,1666
1730,1668
1731,1668
1732,1669
1733,1669
1734,1670
1735,1671
1736,1671
1737,1671
1738,1673
1739,1674
1740,1674
1741,1674
1742,1675
1743,1676
1744,1678
1745,1679
1746,1679
1747,1679
1748,1679
1749,1680
1750,1681
1751,1681
1752,1682
1753,1682
1754,1682
1755,1683
1756,1686
1757,1686
1758,1686
1759,1687
1760,1687
1761,1688
1762,1688
1763,1688
1764,1689
1765,1689
1766,1690
1767,1691
1768,1691
1769,1692
1770,1693
1771,1693
1772,1694
1773,1694
1774,1696
1775,1698
1776,1700
1777,1700
1778,1702
1779,1703
1780,1704
1781,1704
1782,1704
1783,1705
1784,1706
1785,1706
1786,1708
1787,1710
1788,1710
1789,1712
1790,1713
1791,1713
1792,1714
1793,1716
1794,1716
1795,1717
1796,1717
1797,1717
1798,1718
1799,1720
1800,1723
1801,1723
1802,1723
1803,1724
1804,1724
1805,1725
1806,1726
1807,1726
1808,1726
1809,1726
1810,1727
1811,1729
1812,1729
1813,1729
1814,1730
1815,1731
1816,1731
1817,1732
1818,1732
1819,1733
1820,1733
1821,1734
1822,1735
1823,1740
1824,1743
1825,1743
1826,1744
1827,1744
1828,1747
1829,1747
1830,1748
1831,1748
1832,1749
1833,1749
1834,1749
1835,1749
1836,1754
1837,1754
1838,1756
1839,1758
1840,1759
1841,1759
1842,1759
1843,1760
1844,1761
1845,1762
1846,1762
1847,1763
1848,1763
1849,1763
1850,1764
1851,1765
1852,1765
1853,1765
1854,1767
1855,1767
1856,1767
1857,1768
1858,1769
1859,1770
1860,1772
1861,1772
1862,1772
1863,1772
1864,1775
1865,1778
1866,1778
1867,1779
1868,1780
1869,1781
1870,1782
1871,1783
1872,1785
1873,1786
1874,1788
1875,1788
1876,1788
1877,1791
1878,1792
1879,1792
1880,1793
1881,1793
1882,1794
1883,1798
1884,1798
1885,1799
1886,1802
1887,1803
1888,1803
1889,1805
1890,1806
1891,1807
1892,1807
1893,1807
1894,1808
1895,1809
1896,1809
1897,1809
1898,1812
1899,1814
1900,1814
1901,1816
1902,1817
1903,1819
1904,1821
1905,1821
1906,1824
1907,1825
1908,1826
1909,1827
1910,1827
1911,1828
1912,1830
1913,1832
1914,1833
1915,1834
1916,1834
1917,1835
1918,1835
1919,1836
1920,1838
1921,1838
1922,1842
1923,1842
1924,1844
1925,1844
1926,1844
1927,1845
1928,1845
1929,1845
1930,1848
1931,1848
1932,1849
1933,1850
1934,1853
1935,1853
1936,1855
1937,1856
1938,1857
1939,1857
1940,1861
1941,1862
1942,1864
1943,1864
1944,1864
1945,1865
1946,1866
1947,1869
1948,1873
1949,1877
1950,1879
1951,1880
1952,1882
1953,1882
1954,1882
1955,1882
1956,1885
1957,1887
1958,1887
1959,1887
1960,1888
1961,1891
1962,1891
1963,1893
1964,1893
1965,1893
1966,1894
1967,1894
1968,1896
1969,1899
1970,1901
1971,1901
1972,1902
1973,1902
1974,1902
1975,1903
1976,1906
1977,1906
1978,1907
1979,1907
1980,1910
1981,1911
1982,1911
1983,1913
1984,1913
1985,1914
1986,1914
1987,1915
1988,1915
1989,1916
1990,1917
1991,1918
1992,1918
1993,1919
1994,1919
1995,1919
1996,1921
1997,1921
1998,1924
1999,1926
2000,1927
2001,1928
2002,1931
2003,1931
2004,1934
2005,1936
2006,1939
2007,1940
2008,1941
2009,1941
2010,1942
2011,1944
2012,1947
2013,1947
2014,1950
2015,1953
2016,1953
2017,1954
2018,1954
2019,1955
2020,1956
2021,1956
2022,1958
2023,1959
2024,1959
2025,1960
2026,1963
2027,1964
2028,1964
2029,1965
2030,1965
2031,1966
2032,1969
2033,1970
2034,1971
2035,1971
2036,1971
2037,1972
2038,1975
2039,1975
2040,1975
2041,1976
2042,1976
2043,1976
2044,1976
2045,1981
2046,1983
2047,1983
2048,1984
2049,1985
2050,1986
2051,1987
2052,1987
2053,1988
2054,1988
2055,1989
2056,1989
2057,1990
2058,1990
2059,1991
2060,1992
2061,1992
2062,1993
2063,1997
2064,1998
2065,1999
2066,1999
2067,1999
2068,2001
2069,2003
2070,2004
2071,2005
2072,2006
2073,2007
2074,2007
2075,2009
2076,2010
2077,2010
2078,2011
2079,2012
2080,2013
2081,2013
2082,2015
2083,2017
2084,2019
2085,2020
2086,2020
2087,2021
2088,2021
2089,2021
2090,2022
2091,2022
2092,2025
2093,2025
2094,2026
2095,2029
2096,2031
2097,2032
2098,2033
2099,2035
2100,2035
2101,2037
2102,2037
2103,2037
2104,2037
2105,2038
2106,2040
2107,2043
2108,2043
2109,2043
2110,2044
2111,2044
2112,2045
2113,2046
2114,2047
2115,2048
2116,2048
2117,2049
2118,2049
2119,2050
2120,2056
2121,2057
2122,2059
2123,2059
2124,2061
2125,2067
2126,2069
2127,2069
2128,2072
2129,2076
2130,2078
2131,2079
2132,2081
2133,2083
2134,2084
2135,2086
2136,2087
2137,2088
2138,2089
2139,2090
2140,2091
2141,2092
2142,2094
2143,2095
2144,2095
2145,2096
2146,2096
2147,2097
2148,2098
2149,2101
2150,2102
2151,2103
2152,2103
2153,2104
2154,2105
2155,2105
2156,2106
2157,2109
2158,2112
2159,2113
2160,2113
2161,2115
2162,2115
2163,2117
2164,2119
2165,2119
2166,2121
2167,2121
2168,2122
2169,2123
2170,2123
2171,2124
2172,2125
2173,2127
2174,2127
2175,2127
2176,2129
2177,2129
2178,2131
2179,2133
2180,2133
2181,2134
2182,2134
2183,2135
2184,2135
2185,2135
2186,2136
2187,2138
2188,2139
2189,2139
2190,2141
2191,2141
2192,2142
2193,2144
2194,2145
2195,2146
2196,2146
2197,2147
2198,2149
2199,2149
2200,2151
2201,2151
2202,2151
2203,2151
2204,2152
2205,2153
2206,2154
2207,2157
2208,2158
2209,2158
2210,2159
2211,2159
2212,2161
2213,2162
2214,2162
2215,2163
2216,2166
2217,2166
2218,2171
2219,2172
2220,2172
2221,2175
2222,2175
2223,2176
2224,2176
2225,2176
2226,2176
2227,2178
2228,2178
2229,2181
2230,2182
2231,2183
2232,2185
2233,2185
2234,2186
2235,2186
2236,2187
2237,2187
2238,2189
2239,2189
2240,2190
2241,2190
2242,2191
2243,2191
2244,2192
2245,2192
2246,2193
2247,2194
2248,2194
2249,2194
2250,2195
2251,2195
2252,2196
2253,2197
2254,2197
2255,2198
2256,2198
2257,2201
2258,2201
2259,2202
2260,2204
2261,2205
2262,2207
2263,2207
2264,2211
2265,2211
2266,2215
2267,2217
2268,2218
2269,2218
2270,2219
2271,2222
2272,2223
2273,2224
2274,2225
2275,2227
2276,2231
2277,2234
2278,2234
2279,2234
2280,2234
2281,2236
2282,2237
2283,2238
2284,2238
2285,2239
2286,2239
2287,2241
2288,2245
2289,2246
2290,2247
2291,2249
2292,2250
2293,2253
2294,2254
2295,2255
2296,2256
2297,2257
2298,2259
2299,2259
2300,2259
2301,2259
2302,2259
2303,2260
2304,2261
2305,2263
2306,2264
2307,2266
2308,2266
2309,2269
2310,2270
2311,2270
2312,2270
2313,2271
2314,2272
2315,2272
2316,2273
2317,2274
2318,2274
2319,2275
2320,2277
2321,2277
2322,2278
2323,2279
2324,2280
2325,2281
2326,2281
2327,2281
2328,2281
2329,2281
2330,2284
2331,2286
2332,2289
2333,2289
2334,2290
2335,2290
2336,2290
2337,2291
2338,2292
2339,2292
2340,2292
2341,2294
2342,2295
2343,2298
2344,2299
2345,2300
2346,2300
2347,2300
2348,2300
2349,2301
2350,2301
2351,2302
2352,2302
2353,2303
2354,2304
2355,2305
2356,2307
2357,2308
2358,2309
2359,2310
2360,2310
2361,2311
2362,2312
2363,2313
2364,2313
2365,2315
2366,2316
2367,2316
2368,2317
2369,2317
2370,2321
2371,2322
2372,2324
2373,2324
2374,2326
2375,2327
2376,2327
2377,2328
2378,2328
2379,2329
2380,2329
2381,2333
2382,2333
2383,2333
2384,2334
2385,2334
2386,2335
2387,2335
2388,2335
2389,2335
2390,2335
2391,2336
2392,2337
2393,2339
2394,2340
2395,2341
2396,2343
2397,2343
2398,2343
2399,2344
2400,2345
2401,2346
2402,2347
2403,2347
2404,2349
2405,2350
2406,2351
2407,2351
2408,2351
2409,2352
2410,2352
2411,2353
2412,2353
2413,2354
2414,2359
2415,2359
2416,2361
2417,2361
2418,2364
2419,2367
2420,2368
2421,2368
2422,2370
2423,2370
2424,2371
2425,2372
2426,2373
2427,2374
2428,2374
2429,2375
2430,2375
2431,2377
2432,2377
2433,2379
2434,2379
2435,2380
2436,2380
2437,2381
2438,2382
2439,2382
2440,2383
2441,2385
2442,2386
2443,2386
2444,2387
2445,2387
2446,2388
2447,2389
2448,2390
2449,2390
2450,2392
2451,2393
2452,2394
2453,2394
2454,2395
2455,2395
2456,2396
2457,2397
2458,2397
2459,2399
2460,2399
2461,2399
2462,2400
2463,2402
2464,2407
2465,2407
2466,2408
2467,2410
2468,2411
2469,2411
2470,2412
2471,2412
2472,2412
2473,2413
2474,2416
2475,2417
2476,2417
2477,2418
2478,2418
2479,2419
2480,2421
2481,2421
2482,2422
2483,2425
2484,2425
2485,2426
2486,2426
2487,2428
2488,2429
2489,2429
2490,2431
2491,2433
2492,2433
2493,2436
2494,2437
2495,2437
2496,2439
2497,2439
2498,2441
2499,2442
2500,2443
2501,2444
2502,2445
2503,2445
2504,2446
2505,2447
2506,2448
2507,2449
2508,2449
2509,2450
2510,2450
2511,2451
2512,2451
2513,2451
2514,2452
2515,2457
2516,2457
2517,2458
2518,2458
2519,2459
2520,2459
2521,2459
2522,2460
2523,2461
2524,2461
2525,2463
2526,2464
2527,2466
2528,2467
2529,2467
2530,2467
2531,2470
2532,2470
2533,2471
2534,2473
2535,2475
2536,2475
2537,2479
2538,2479
2539,2480
2540,2482
2541,2484
2542,2486
2543,2486
2544,2490
2545,2491
2546,2492
2547,2493
2548,2493
2549,2493
2550,2494
2551,2494
2552,2494
2553,2494
2554,2495
2555,2496
2556,2497
2557,2498
2558,2499
2559,2499
2560,2500
2561,2500
2562,2502
2563,2502
2564,2503
2565,2505
2566,2505
2567,2507
2568,2507
2569,2509
2570,2511
2571,2514
2572,2514
2573,2515
2574,2515
2575,2516
2576,2517
2577,2519
2578,2519
2579,2522
2580,2523
2581,2524
2582,2526
2583,2526
2584,2531
2585,2532
2586,2536
2587,2537
2588,2537
2589,2537
2590,2537
2591,2538
2592,2538
2593,2540
2594,2542
2595,2542
2596,2544
2597,2545
2598,2545
2599,2545
2600,2546
2601,2548
2602,2551
2603,2555
2604,2555
2605,2557
2606,2558
2607,2560
2608,2560
2609,2562
2610,2562
2611,2563
2612,2564
2613,2564
2614,2566
2615,2567
2616,2568
2617,2569
2618,2569
2619,2573
2620,2573
2621,2574
2622,2578
2623,2579
2624,2581
2625,2581
2626,2582
2627,2583
2628,2583
2629,2588
2630,2588
2631,2589
2632,2590
2633,2592
2634,2592
2635,2595
2636,2595
2637,2599
2638,2599
2639,2601
2640,2602
2641,2602
2642,2602
2643,2602
2644,2602
2645,2603
2646,2603
2647,2604
2648,2604
2649,2605
2650,2606
2651,2608
2652,2608
2653,2609
2654,2609
2655,2611
2656,2612
2657,2613
2658,2613
2659,2614
2660,2614
2661,2614
2662,2615
2663,2617
2664,2618
2665,2621
2666,2621
2667,2623
2668,2623
2669,2624
2670,2625
2671,2625
2672,2628
2673,2628
2674,2631
2675,2632
2676,2632
2677,2635
2678,2636
2679,2637
2680,2637
2681,2637
2682,2638
2683,2639
2684,2640
2685,2641
2686,2644
2687,2645
2688,2645
2689,2646
2690,2646
2691,2648
2692,2648
2693,2649
2694,2649
2695,2650
2696,2652
2697,2655
2698,2656
2699,2656
2700,2656
2701,2657
2702,2657
2703,2657
2704,2659
2705,2661
2706,2662
2707,2662
2708,2663
2709,2663
2710,2664
2711,2664
2712,2665
2713,2666
2714,2666
2715,2667
2716,2668
2717,2668
2718,2668
2719,2672
2720,2672
2721,2672
2722,2673
2723,2675
2724,2676
2725,2680
2726,2680
2727,2681
2728,2682
2729,2683
2730,2686
2731,2687
2732,2687
2733,2692
2734,2692
2735,2692
2736,2692
2737,2692
2738,2692
2739,2692
2740,2694
2741,2695
2742,2698
2743,2699
2744,2699
2745,2700
2746,2700
2747,2700
2748,2701
2749,2703
2750,2703
2751,2705
2752,2705
2753,2706
2754,2708
2755,2710
2756,2711
2757,2711
2758,2714
2759,2714
2760,2716
2761,2718
2762,2721
2763,2722
2764,2724
2765,2725
2766,2726
2767,2728
2768,2729
2769,2730
2770,2731
2771,2731
2772,2732
2773,2733
2774,2733
2775,2734
2776,2734
2777,2736
2778,2739
2779,2741
2780,2742
2781,2744
2782,2744
2783,2745
2784,2747
2785,2747
2786,2748
2787,2752
2788,2752
2789,2752
2790,2752
2791,2753
2792,2754
2793,2754
2794,2756
2795,2758
2796,2759
2797,2760
2798,2760
2799,2761
2800,2763
2801,2764
2802,2764
2803,2765
2804,2766
2805,2766
2806,2767
2807,2768
2808,2768
2809,2769
2810,2770
2811,2771
2812,2773
2813,2774
2814,2774
2815,2774
2816,2776
2817,2776
2818,2776
2819,2778
2820,2779
2821,2779
2822,2780
2823,2781
2824,2784
2825,2784
2826,2784
2827,2785
2828,2785
2829,2785
2830,2785
2831,2786
2832,2789
2833,2789
2834,2790
2835,2792
2836,2792
2837,2792
2838,2793
2839,2795
2840,2796
2841,2796
2842,2797
2843,2798
2844,2798
2845,2800
2846,2802
2847,2802
2848,2802
2849,2803
2850,2803
2851,2804
2852,2804
2853,2805
2854,2807
2855,2808
2856,2809
2857,2809
2858,2811
2859,2813
2860,2813
2861,2817
2862,2817
2863,2821
2864,2822
2865,2822
2866,2822
2867,2823
2868,2825
2869,2826
2870,2826
2871,2827
2872,2828
2873,2830
2874,2832
2875,2833
2876,2836
2877,2837
2878,2837
2879,2840
2880,2843
2881,2843
2882,2843
2883,2844
2884,2845
2885,2847
2886,2848
2887,2850
2888,2851
2889,2851
2890,2852
2891,2852
2892,2853
2893,2853
2894,2855
2895,2857
2896,2857
2897,2857
2898,2857
2899,2857
2900,2859
2901,2859
2902,2860
2903,2861
2904,2861
2905,2863
2906,2865
2907,2867
2908,2870
2909,2874
2910,2874
2911,2874
2912,2875
2913,2877
2914,2877
2915,2877
2916,2877
2917,2878
2918,2880
2919,2881
2920,2882
2921,2882
2922,2884
2923,2885
2924,2885
2925,2886
2926,2887
2927,2887
2928,2888
2929,2889
2930,2890
2931,2891
2932,2891
2933,2893
2934,2894
2935,2895
2936,2897
2937,2899
2938,2899
2939,2900
2940,2900
2941,2902
2942,2903
2943,2905
2944,2906
2945,2908
2946,2908
2947,2909
2948,2910
2949,2911
2950,2913
2951,2914
2952,2915
2953,2916
2954,2916
2955,2918
2956,2921
2957,2923
2958,2924
2959,2925
2960,2928
2961,2929
2962,2930
2963,2930
2964,2931
2965,2932
2966,2933
2967,2933
2968,2934
2969,2934
2970,2938
2971,2939
2972,2941
2973,2941
2974,2942
2975,2943
2976,2944
2977,2946
2978,2946
2979,2947
2980,2948
2981,2949
2982,2949
2983,2949
2984,2950
2985,2950
2986,2951
2987,2952
2988,2953
2989,2953
2990,2953
2991,2954
2992,2955
2993,2959
2994,2959
2995,2961
2996,2962
2997,2962
2998,2962
2999,2963
3000,2967
3001,2968
3002,2968
3003,2968
3004,2968
3005,2968
3006,2971
3007,2972
3008,2973
3009,2973
3010,2975
3011,2975
3012,2975
3013,2975
3014,2977
3015,2977
3016,2978
3017,2980
3018,2980
3019,2981
3020,2982
3021,2982
3022,2982
3023,2984
3024,2986
3025,2987
3026,2987
3027,2987
3028,2988
3029,2990
3030,2991
3031,2991
3032,2992
3033,2993
3034,2994
3035,2994
3036,2998
3037,2999
3038,3000
3039,3001
3040,3001
3041,3001
3042,3002
3043,3003
3044,3003
3045,3004
3046,3005
3047,3007
3048,3007
3049,3008
3050,3008
3051,3008
3052,3010
3053,3010
3054,3010
3055,3014
3056,3014
3057,3015
3058,3018
3059,3019
3060,3021
3061,3021
3062,3021
3063,3022
3064,3022
3065,3023
3066,3025
3067,3027
3068,3027
3069,3028
3070,3028
3071,3029
3072,3030
3073,3031
3074,3032
3075,3032
3076,3034
3077,3038
3078,3038
3079,3039
3080,3040
3081,3040
3082,3040
3083,3041
3084,3042
3085,3042
3086,3043
3087,3043
3088,3043
3089,3044
3090,3045
3091,3045
3092,3046
3093,3047
3094,3048
3095,3049
3096,3050
3097,3052
3098,3055
3099,3056
3100,3057
3101,3059
3102,3060
3103,3062
3104,3062
3105,3062
3106,3063
3107,3064
3108,3064
3109,3064
3110,3065
3111,3065
3112,3067
3113,3068
3114,3068
3115,3069
3116,3072
3117,3072
3118,3073
3119,3074
3120,3075
3121,3077
3122,3078
3123,3080
3124,3080
3125,3081
3126,3081
3127,3081
3128,3083
3129,3084
3130,3084
3131,3084
3132,3085
3133,3088
3134,3089
3135,3089
3136,3090
3137,3091
3138,3091
3139,3091
3140,3093
3141,3094
3142,3095
3143,3095
3144,3096
3145,3099
3146,3101
3147,3101
3148,3102
3149,3103
3150,3103
3151,3103
3152,3104
3153,3104
3154,3105
3155,3106
3156,3106
3157,3108
3158,3108
3159,3108
3160,3109
3161,3110
3162,3112
3163,3113
3164,3115
3165,3115
3166,3115
3167,3116
3168,3118
3169,3119
3170,3121
3171,3122
3172,3123
3173,3123
3174,3125
3175,3125
3176,3129
3177,3130
3178,3130
3179,3132
3180,3133
3181,3134
3182,3135
3183,3138
3184,3139
3185,3141
3186,3141
3187,3141
3188,3141
3189,3142
3190,3143
3191,3144
3192,3144
3193,3145
3194,3147
3195,3147
3196,3148
3197,3148
3198,3148
3199,3148
3200,3149
3201,3150
3202,3153
3203,3153
3204,3154
3205,3154
3206,3156
3207,3157
3208,3157
3209,3157
3210,3157
3211,3157
3212,3158
3213,3159
3214,3160
3215,3160
3216,3161
3217,3163
3218,3166
3219,3168
3220,3168
3221,3168
3222,3170
3223,3171
3224,3171
3225,3171
3226,3172
3227,3173
3228,3173
3229,3174
3230,3176
3231,3176
3232,3179
3233,3180
3234,3181
3235,3182
3236,3182
3237,3182
3238,3183
3239,3185
3240,3186
3241,3186
3242,3188
3243,3188
3244,3188
3245,3190
3246,3191
3247,3191
3248,3191
3249,3192
3250,3192
3251,3193
3252,3194
3253,3194
3254,3194
3255,3195
3256,3195
3257,3197
3258,3199
3259,3200
3260,3201
3261,3201
3262,3202
3263,3206
3264,3207
3265,3208
3266,3209
3267,3211
3268,3211
3269,3211
3270,3213
3271,3213
3272,3213
3273,3214
3274,3214
3275,3215
3276,3216
3277,3216
3278,3217
3279,3217
3280,3217
3281,3219
3282,3221
3283,3221
3284,3221
3285,3222
3286,3223
3287,3223
3288,3224
3289,3225
3290,3229
3291,3229
3292,3229
3293,3230
3294,3231
3295,3233
3296,3234
3297,3235
3298,3239
3299,3239
3300,3240
3301,3240
3302,3241
3303,3241
3304,3243
3305,3243
3306,3243
3307,3244
3308,3244
3309,3245
3310,3246
3311,3246
3312,3247
3313,3248
3314,3248
3315,3248
3316,3252
3317,3252
3318,3252
3319,3254
3320,3257
3321,3257
3322,3257
3323,3258
3324,3259
3325,3260
3326,3262
3327,3264
3328,3264
3329,3266
3330,3266
3331,3267
3332,3269
3333,3269
3334,3271
3335,3272
3336,3274
3337,3277
3338,3277
3339,3277
3340,3277
3341,3277
3342,3278
3343,3278
3344,3279
3345,3280
3346,3281
3347,3281
3348,3281
3349,3282
3350,3282
3351,3283
3352,3283
3353,3285
3354,3285
3355,3285
3356,3286
3357,3287
3358,3288
3359,3288
3360,3289
3361,3290
3362,3290
3363,3293
3364,3293
3365,3295
3366,3295
3367,3296
3368,3296
3369,3297
3370,3297
3371,3299
3372,3300
3373,3301
3374,3302
3375,3302
3376,3304
3377,3305
3378,3306
3379,3306
3380,3306
3381,3307
3382,3309
3383,3309
3384,3309
3385,3310
3386,3311
3387,3312
3388,3313
3389,3315
3390,3316
3391,3317
3392,3318
3393,3319
3394,3319
3395,3320
3396,3324
3397,3324
3398,3326
3399,3326
3400,3327
3401,3328
3402,3329
3403,3330
3404,3331
3405,3332
3406,3333
3407,3333
3408,3334
3409,3335
3410,3336
3411,3337
3412,3338
3413,3339
3414,3340
3415,3341
3416,3343
3417,3343
3418,3344
3419,3345
3420,3347
3421,3347
3422,3350
3423,3351
3424,3351
3425,3352
3426,3352
3427,3352
3428,3355
3429,3356
3430,3356
3431,3357
3432,3359
3433,3362
3434,3363
3435,3364
3436,3365
3437,3366
3438,3366
3439,3366
3440,3368
3441,3369
3442,3370
3443,3372
3444,3372
3445,3372
3446,3372
3447,3373
3448,3373
3449,3375
3450,3376
3451,3377
3452,3379
3453,3380
3454,3380
3455,3380
3456,3382
3457,3382
3458,3384
3459,3385
3460,3386
3461,3390
3462,3392
3463,3393
3464,3395
3465,3396
3466,3396
3467,3396
3468,3397
3469,3397
3470,3398
3471,3398
3472,3399
3473,3402
3474,3403
3475,3404
3476,3406
3477,3408
3478,3408
3479,3409
3480,3410
3481,3410
3482,3410
3483,3411
3484,3412
3485,3414
3486,3414
3487,3416
3488,3420
3489,3423
3490,3424
3491,3424
3492,3428
3493,3428
3494,3429
3495,3429
3496,3433
3497,3433
3498,3435
3499,3435
3500,3436
3501,3436
3502,3436
3503,3437
3504,3438
3505,3439
3506,3439
3507,3440
3508,3441
3509,3441
3510,3442
3511,3442
3512,3442
3513,3442
3514,3443
3515,3443
3516,3444
3517,3445
3518,3446
3519,3448
3520,3449
3521,3450
3522,3450
3523,3451
3524,3451
3525,3453
3526,3454
3527,3455
3528,3457
3529,3457
3530,3459
3531,3459
3532,3459
3533,3461
3534,3462
3535,3463
3536,3466
3537,3468
3538,3470
3539,3471
3540,3472
3541,3472
3542,3475
3543,3475
3544,3476
3545,3476
3546,3477
3547,3479
3548,3481
3549,3483
3550,3483
3551,3485
3552,3488
3553,3489
3554,3490
3555,3492
3556,3493
3557,3494
3558,3495
3559,3497
3560,3497
3561,3498
3562,3499
3563,3501
3564,3501
3565,3504
3566,3504
3567,3505
3568,3505
3569,3506
3570,3506
3571,3507
3572,3507
3573,3510
3574,3512
3575,3514
3576,3514
3577,3515
3578,3515
3579,3517
3580,3517
3581,3518
3582,3520
3583,3520
3584,3522
3585,3526
3586,3528
3587,3531
3588,3532
3589,3533
3590,3533
3591,3534
3592,3534
3593,3535
3594,3535
3595,3536
3596,3536
3597,3537
3598,3538
3599,3538
3600,3539
3601,3540
3602,3541
3603,3542
3604,3543
3605,3543
3606,3546
3607,3547
3608,3548
3609,3548
3610,3548
3611,3549
3612,3550
3613,3552
3614,3554
3615,3554
3616,3557
3617,3557
3618,3559
3619,3560
3620,3563
3621,3563
3622,3563
3623,3564
3624,3565
3625,3565
3626,3568
3627,3570
3628,3570
3629,3570
3630,3570
3631,3571
3632,3572
3633,3573
3634,3574
3635,3575
3636,3575
3637,3576
3638,3577
3639,3577
3640,3579
3641,3579
3642,3582
3643,3583
3644,3583
3645,3585
3646,3589
3647,3592
3648,3594
3649,3595
3650,3596
3651,3597
3652,3597
3653,3598
3654,3599
3655,3604
3656,3604
3657,3606
3658,3607
3659,3607
3660,3607
3661,3609
3662,3610
3663,3613
3664,3613
3665,3613
3666,3614
3667,3614
3668,3615
3669,3616
3670,3618
3671,3618
3672,3618
3673,3621
3674,3628
3675,3628
3676,3630
3677,3631
3678,3632
3679,3632
3680,3634
3681,3635
3682,3636
3683,3638
3684,3639
3685,3639
3686,3642
3687,3642
3688,3642
3689,3642
3690,3643
3691,3646
3692,3648
3693,3648
3694,3648
3695,3649
3696,3649
3697,3650
3698,3651
3699,3651
3700,3652
3701,3652
3702,3654
3703,3654
3704,3655
3705,3656
3706,3657
3707,3659
3708,3661
3709,3662
3710,3663
3711,3663
3712,3663
3713,3663
3714,3663
3715,3664
3716,3665
3717,3666
3718,3666
3719,3670
3720,3670
3721,3673
3722,3674
3723,3676
3724,3676
3725,3677
3726,3682
3727,3682
3728,3683
3729,3683
3730,3684
3731,3684
3732,3685
3733,3685
3734,3686
3735,3687
3736,3687
3737,3688
3738,3690
3739,3690
3740,3690
3741,3693
3742,3694
3743,3694
3744,3694
3745,3695
3746,3696
3747,3696
3748,3697
3749,3697
3750,3697
3751,3697
3752,3698
3753,3698
3754,3699
3755,3700
3756,3700
3757,3701
3758,3701
3759,3702
3760,3706
3761,3707
3762,3708
3763,3708
3764,3709
3765,3709
3766,3709
3767,3711
3768,3713
3769,3714
3770,3714
3771,3717
3772,3721
3773,3721
3774,3722
3775,3723
3776,3725
3777,3726
3778,3728
3779,3730
3780,3730
3781,3730
3782,3733
3783,3734
3784,3736
3785,3737
3786,3737
3787,3737
3788,3737
3789,3740
3790,3740
3791,3740
3792,3740
3793,3741
3794,3743
3795,3743
3796,3744
3797,3746
3798,3747
3799,3748
3800,3749
3801,3751
3802,3752
3803,3753
3804,3753
3805,3755
3806,3755
3807,3755
3808,3756
3809,3756
3810,3757
3811,3757
3812,3757
3813,3758
3814,3761
3815,3761
3816,3762
3817,3766
3818,3767
3819,3767
3820,3768
3821,3769
3822,3769
3823,3770
3824,3771
3825,3772
3826,3772
3827,3772
3828,3772
3829,3772
3830,3773
3831,3773
3832,3774
3833,3776
3834,3776
3835,3779
3836,3780
3837,3780
3838,3782
3839,3782
3840,3782
3841,3782
3842,3783
3843,3785
3844,3786
3845,3787
3846,3787
3847,3789
3848,3789
3849,3790
3850,3790
3851,3796
3852,3796
3853,3797
3854,3797
3855,3797
3856,3799
3857,3799
3858,3800
3859,3801
3860,3802
3861,3803
3862,3805
3863,3806
3864,3807
3865,3809
3866,3809
3867,3809
3868,3810
3869,3810
3870,3811
3871,3811
3872,3813
3873,3813
3874,3814
3875,3816
3876,3816
3877,3817
3878,3817
3879,3819
3880,3824
3881,3825
3882,3831
3883,3832
3884,3833
3885,3833
3886,3834
3887,3837
3888,3839
3889,3840
3890,3841
3891,3842
3892,3843
3893,3843
3894,3845
3895,3845
3896,3846
3897,3846
3898,3846
3899,3847
3900,3847
3901,3848
3902,3848
3903,3850
3904,3850
3905,3851
3906,3854
3907,3854
3908,3859
3909,3860
3910,3862
3911,3865
3912,3865
3913,3868
3914,3868
3915,3869
3916,3873
3917,3874
3918,3874
3919,3876
3920,3877
3921,3879
3922,3879
3923,3879
3924,3880
3925,3880
3926,3880
3927,3880
3928,3882
3929,3884
3930,3885
3931,3886
3932,3886
3933,3887
3934,3887
3935,3888
3936,3891
3937,3892
3938,3892
3939,3893
3940,3894
3941,3894
3942,3895
3943,3897
3944,3898
3945,3898
3946,3898
3947,3898
3948,3899
3949,3901
3950,3903
3951,3903
3952,3904
3953,3905
3954,3905
3955,3905
3956,3906
3957,3907
3958,3908
3959,3908
3960,3911
3961,3911
3962,3912
3963,3914
3964,3914
3965,3916
3966,3917
3967,3917
3968,3917
3969,3918
3970,3919
3971,3919
3972,3922
3973,3925
3974,3925
3975,3926
3976,3926
3977,3928
3978,3928
3979,3931
3980,3933
3981,3934
3982,3934
3983,3935
3984,3936
3985,3937
3986,3938
3987,3939
3988,3942
3989,3943
3990,3949
3991,3951
3992,3953
3993,3953
3994,3954
3995,3954
3996,3954
3997,3955
3998,3956
3999,3956
4000,3957
4001,3957
4002,3958
4003,3964
4004,3968
4005,3969
4006,3972
4007,3972
4008,3972
4009,3973
4010,3974
4011,3974
4012,3974
4013,3975
4014,3976
4015,3978
4016,3979
4017,3982
4018,3983
4019,3985
4020,3987
4021,3988
4022,3989
4023,3989
4024,3990
4025,3990
4026,3990
4027,3990
4028,3994
4029,3994
4030,3995
4031,3995
4032,3996
4033,3999
4034,4000
4035,4003
4036,4004
4037,4005
4038,4006
4039,4008
4040,4010
4041,4011
4042,4012
4043,4012
4044,4013
4045,4013
4046,4014
4047,4015
4048,4017
4049,4017
4050,4019
4051,4019
4052,4019
4053,4020
4054,4021
4055,4022
4056,4022
4057,4024
4058,4024
4059,4024
4060,4024
4061,4024
4062,4026
4063,4028
4064,4031
4065,4039
4066,4039
4067,4040
4068,4041
4069,4042
4070,4043
4071,4043
4072,4044
4073,4046
4074,4047
4075,4048
4076,4049
4077,4051
4078,4053
4079,4054
4080,4056
4081,4058
4082,4059
4083,4059
4084,4060
4085,4060
4086,4061
4087,4064
4088,4064
4089,4065
4090,4066
4091,4067
4092,4067
4093,4068
4094,4068
4095,4068
4096,4069
4097,4069
4098,4071
4099,4071
4100,4072
4101,4073
4102,4073
4103,4075
4104,4076
4105,4076
4106,4077
4107,4078
4108,4078
4109,4080
4110,4082
4111,4083
4112,4083
4113,4083
4114,4084
4115,4086
4116,4087
4117,4087
4118,4088
4119,4090
4120,4090
4121,4096
4122,4099
4123,4099
4124,4099
4125,4102
4126,4102
4127,4102
4128,4106
4129,4106
4130,4107
4131,4109
4132,4110
4133,4111
4134,4112
4135,4112
4136,4113
4137,4115
4138,4115
4139,4115
4140,4116
4141,4117
4142,4117
4143,4118
4144,4118
4145,4119
4146,4120
4147,4120
4148,4120
4149,4121
4150,4121
4151,4122
4152,4122
4153,4123
4154,4124
4155,4125
4156,4127
4157,4128
4158,4128
4159,4129
4160,4130
4161,4130
4162,4131
4163,4133
4164,4133
4165,4133
4166,4133
4167,4134
4168,4135
4169,4135
4170,4135
4171,4135
4172,4136
4173,4138
4174,4138
4175,4139
4176,4140
4177,4140
4178,4140
4179,4140
4180,4143
4181,4143
4182,4143
4183,4143
4184,4148
4185,4149
4186,4150
4187,4151
4188,4152
4189,4153
4190,4153
4191,4153
4192,4155
4193,4155
4194,4157
4195,4158
4196,4158
4197,4158
4198,4158
4199,4159
4200,4159
4201,4160
4202,4161
4203,4161
4204,4162
4205,4164
4206,4165
4207,4166
4208,4166
4209,4170
4210,4171
4211,4171
4212,4172
4213,4172
4214,4172
4215,4173
4216,4177
4217,4177
4218,4183
4219,4185
4220,4186
4221,4187
4222,4187
4223,4187
4224,4190
4225,4190
4226,4192
4227,4194
4228,4196
4229,4197
4230,4198
4231,4198
4232,4199
4233,4200
4234,4202
4235,4202
4236,4203
4237,4205
4238,4206
4239,4206
4240,4207
4241,4208
4242,4209
4243,4209
4244,4209
4245,4210
4246,4212
4247,4212
4248,4213
4249,4213
4250,4214
4251,4218
4252,4218
4253,4219
4254,4219
4255,4219
4256,4220
4257,4220
4258,4221
4259,4224
4260,4224
4261,4225
4262,4225
4263,4226
4264,4226
4265,4227
4266,4227
4267,4227
4268,4228
4269,4228
4270,4229
4271,4230
4272,4232
4273,4232
4274,4233
4275,4234
4276,4235
4277,4236
4278,4236
4279,4237
4280,4238
4281,4238
4282,4238
4283,4239
4284,4240
4285,4241
4286,4242
4287,4242
4288,4244
4289,4246
4290,4246
4291,4247
4292,4251
4293,4251
4294,4252
4295,4253
4296,4255
4297,4255
4298,4255
4299,4256
4300,4260
4301,4261
4302,4261
4303,4261
4304,4263
4305,4264
4306,4267
4307,4268
4308,4271
4309,4272
4310,4273
4311,4273
4312,4277
4313,4277
4314,4277
4315,4278
4316,4279
4317,4283
4318,4283
4319,4285
4320,4287
4321,4288
4322,4289
4323,4289
4324,4289
4325,4289
4326,4289
4327,4291
4328,4291
4329,4291
4330,4294
4331,4294
4332,4295
4333,4297
4334,4298
4335,4298
4336,4300
4337,4301
4338,4301
4339,4303
4340,4306
4341,4307
4342,4307
4343,4307
4344,4308
4345,4312
4346,4314
4347,4315
4348,4315
4349,4316
4350,4316
4351,4317
4352,4318
4353,4319
4354,4320
4355,4322
4356,4323
4357,4324
4358,4324
4359,4326
4360,4326
4361,4329
4362,4330
4363,4331
4364,4331
4365,4331
4366,4331
4367,4331
4368,4332
4369,4333
4370,4334
4371,4335
4372,4336
4373,4337
4374,4337
4375,4339
4376,4340
4377,4341
4378,4343
4379,4345
4380,4346
4381,4346
4382,4347
4383,4347
4384,4348
4385,4351
4386,4352
4387,4356
4388,4356
4389,4356
4390,4357
4391,4358
4392,4358
4393,4358
4394,4359
4395,4360
4396,4360
4397,4361
4398,4362
4399,4364
4400,4364
4401,4364
4402,4365
4403,4366
4404,4367
4405,4367
4406,4371
4407,4371
4408,4373
4409,4374
4410,4375
4411,4376
4412,4377
4413,4377
4414,4377
4415,4378
4416,4381
4417,4381
4418,4382
4419,4383
4420,4384
4421,4384
4422,4385
4423,4385
4424,4387
4425,4387
4426,4387
4427,4387
4428,4388
4429,4389
4430,4390
4431,4390
4432,4392
4433,4392
4434,4393
4435,4394
4436,4396
4437,4396
4438,4399
4439,4399
4440,4404
4441,4406
4442,4408
4443,4408
4444,4411
4445,4413
4446,4413
4447,4413
4448,4417
4449,4421
4450,4423
4451,4424
4452,4424
4453,4424
4454,4424
4455,4424
4456,4428
4457,4428
4458,4428
4459,4429
4460,4429
4461,4429
4462,4430
4463,4430
4464,4433
4465,4433
4466,4439
4467,4441
4468,4441
4469,4441
4470,4441
4471,4442
4472,4443
4473,4444
4474,4448
4475,4448
4476,4448
4477,4449
4478,4449
4479,4450
4480,4451
4481,4451
4482,4452
4483,4453
4484,4453
4485,4455
4486,4458
4487,4458
4488,4458
4489,4460
4490,4461
4491,4462
4492,4462
4493,4463
4494,4464
4495,4464
4496,4464
4497,4464
4498,4465
4499,4466
4500,4467
4501,4469
4502,4470
4503,4470
4504,4471
4505,4471
4506,4472
4507,4475
4508,4475
4509,4475
4510,4476
4511,4477
4512,4477
4513,4477
4514,4478
4515,4478
4516,4478
4517,4480
4518,4481
4519,4481
4520,4481
4521,4484
4522,4485
4523,4486
4524,4486
4525,4486
4526,4487
4527,4488
4528,4488
4529,4489
4530,4489
4531,4490
4532,4490
4533,4490
4534,4491
4535,4492
4536,4492
4537,4494
4538,4494
4539,4495
4540,4495
4541,4495
4542,4495
4543,4497
4544,4497
4545,4498
4546,4498
4547,4499
4548,4499
4549,4500
4550,4501
4551,4503
4552,4508
4553,4508
4554,4509
4555,4512
4556,4512
4557,4516
4558,4516
4559,4518
4560,4519
4561,4521
4562,4521
4563,4522
4564,4523
4565,4523
4566,4524
4567,4525
4568,4525
4569,4527
4570,4527
4571,4528
4572,4528
4573,4528
4574,4528
4575,4529
4576,4529
4577,4530
4578,4530
4579,4532
4580,4532
4581,4532
4582,4533
4583,4535
4584,4535
4585,4535
4586,4537
4587,4539
4588,4540
4589,4542
4590,4542
4591,4543
4592,4546
4593,4548
4594,4550
4595,4551
4596,4554
4597,4555
4598,4555
4599,4556
4600,4556
4601,4557
4602,4559
4603,4561
4604,4562
4605,4563
4606,4564
4607,4564
4608,4565
4609,4565
4610,4565
4611,4565
4612,4568
4613,4570
4614,4573
4615,4577
4616,4578
4617,4578
4618,4578
4619,4580
4620,4581
4621,4582
4622,4583
4623,4584
4624,4585
4625,4586
4626,4586
4627,4587
4628,4588
4629,4592
4630,4594
4631,4594
4632,4596
4633,4599
4634,4599
4635,4601
4636,4602
4637,4603
4638,4606
4639,4608
4640,4609
4641,4609
4642,4610
4643,4610
4644,4610
4645,4612
4646,4612
4647,4615
4648,4616
4649,4620
4650,4621
4651,4621
4652,4625
4653,4626
4654,4627
4655,4629
4656,4629
4657,4632
4658,4632
4659,4633
4660,4633
4661,4633
4662,4635
4663,4636
4664,4637
4665,4638
4666,4638
4667,4640
4668,4642
4669,4643
4670,4644
4671,4648
4672,4648
4673,4648
4674,4648
4675,4650
4676,4651
4677,4651
4678,4651
4679,4653
4680,4653
4681,4653
4682,4655
4683,4655
4684,4657
4685,4658
4686,4658
4687,4659
4688,4661
4689,4661
4690,4661
4691,4662
4692,4666
4693,4669
4694,4670
4695,4671
4696,4674
4697,4675
4698,4675
4699,4676
4700,4677
4701,4678
4702,4678
4703,4679
4704,4680
4705,4682
4706,4683
4707,4684
4708,4685
4709,4685
4710,4685
4711,4686
4712,4687
4713,4687
4714,4688
4715,4688
4716,4688
4717,4689
4718,4690
4719,4692
4720,4694
4721,4694
4722,4695
4723,4696
4724,4697
4725,4700
4726,4703
4727,4703
4728,4706
4729,4707
4730,4707
4731,4709
4732,4710
4733,4711
4734,4711
4735,4711
4736,4712
4737,4712
4738,4713
4739,4714
4740,4714
4741,4715
4742,4715
4743,4715
4744,4716
4745,4716
4746,4718
4747,4719
4748,4721
4749,4722
4750,4722
4751,4723
4752,4725
4753,4725
4754,4725
4755,4728
4756,4729
4757,4731
4758,4733
4759,4734
4760,4736
4761,4736
4762,4737
4763,4737
4764,4737
4765,4739
4766,4740
4767,4742
4768,4743
4769,4743
4770,4746
4771,4748
4772,4748
4773,4749
4774,4750
4775,4751
4776,4751
4777,4752
4778,4752
4779,4753
4780,4753
4781,4755
4782,4755
4783,4757
4784,4757
4785,4757
4786,4758
4787,4758
4788,4758
4789,4760
4790,4760
4791,4761
4792,4763
4793,4763
4794,4764
4795,4765
4796,4765
4797,4766
4798,4767
4799,4768
4800,4768
4801,4771
4802,4772
4803,4773
4804,4774
4805,4774
4806,4775
4807,4777
4808,4777
4809,4777
4810,4777
4811,4777
4812,4779
4813,4780
4814,4781
4815,4784
4816,4785
4817,4785
4818,4786
4819,4786
4820,4790
4821,4794
4822,4795
4823,4795
4824,4795
4825,4797
4826,4802
4827,4802
4828,4805
4829,4805
4830,4805
4831,4806
4832,4806
4833,4807
4834,4807
4835,4807
4836,4807
4837,4807
4838,4810
4839,4810
4840,4811
4841,4811
4842,4812
4843,4813
4844,4813
4845,4815
4846,4815
4847,4817
4848,4817
4849,4820
4850,4822
4851,4822
4852,4823
4853,4824
4854,4825
4855,4827
4856,4828
4857,4828
4858,4828
4859,4829
4860,4829
4861,4830
4862,4832
4863,4832
4864,4835
4865,4838
4866,4839
4867,4840
4868,4842
4869,4842
4870,4843
4871,4844
4872,4845
4873,4845
4874,4845
4875,4846
4876,4846
4877,4847
4878,4847
4879,4849
4880,4849
4881,4850
4882,4850
4883,4851
4884,4852
4885,4852
4886,4853
4887,4854
4888,4856
4889,4857
4890,4857
4891,4857
4892,4857
4893,4858
4894,4859
4895,4859
4896,4859
4897,4860
4898,4860
4899,4861
4900,4861
4901,4864
4902,4864
4903,4865
4904,4866
4905,4866
4906,4866
4907,4867
4908,4867
4909,4867
4910,4869
4911,4870
4912,4870
4913,4871
4914,4877
4915,4877
4916,4878
4917,4879
4918,4879
4919,4881
4920,4884
4921,4884
4922,4885
4923,4885
4924,4885
4925,4887
4926,4888
4927,4889
4928,4890
4929,4892
4930,4892
4931,4893
4932,4893
4933,4894
4934,4894
4935,4894
4936,4897
4937,4897
4938,4897
4939,4897
4940,4897
4941,4898
4942,4898
4943,4899
4944,4899
4945,4901
4946,4901
4947,4901
4948,4904
4949,4905
4950,4906
4951,4906
4952,4907
4953,4907
4954,4908
4955,4913
4956,4917
4957,4917
4958,4917
4959,4918
4960,4920
4961,4921
4962,4921
4963,4921
4964,4923
4965,4924
4966,4924
4967,4925
4968,4925
4969,4926
4970,4927
4971,4929
4972,4931
4973,4933
4974,4933
4975,4933
4976,4934
4977,4936
4978,4937
4979,4937
4980,4938
4981,4939
4982,4942
4983,4942
4984,4942
4985,4943
4986,4944
4987,4944
4988,4945
4989,4946
4990,4946
4991,4947
4992,4948
4993,4950
4994,4952
4995,4953
4996,4955
4997,4955
4998,4955
4999,4956
5000,4956
5001,4959
5002,4960
5003,4965
5004,4966
5005,4967
5006,4967
5007,4967
5008,4968
5009,4968
5010,4970
5011,4970
5012,4970
5013,4971
5014,4972
5015,4973
5016,4974
5017,4975
5018,4975
5019,4979
5020,4981
5021,4982
5022,4982
5023,4986
5024,4986
5025,4986
5026,4987
5027,4988
5028,4990
5029,4992
5030,4995
5031,4997
5032,5001
5033,5004
5034,5006
5035,5006
5036,5009
5037,5009
5038,5010
5039,5011
5040,5013
5041,5013
5042,5014
5043,5016
5044,5016
5045,5017
5046,5019
5047,5021
5048,5021
5049,5021
5050,5022
5051,5023
5052,5024
5053,5025
5054,5026
5055,5027
5056,5028
5057,5028
5058,5028
5059,5029
5060,5029
5061,5029
5062,5031
5063,5031
5064,5033
5065,5036
5066,5038
5067,5038
5068,5039
5069,5039
5070,5040
5071,5040
5072,5041
5073,5041
5074,5041
5075,5043
5076,5044
5077,5044
5078,5046
5079,5047
5080,5049
5081,5049
5082,5050
5083,5056
5084,5057
5085,5057
5086,5057
5087,5058
5088,5059
5089,5060
5090,5061
5091,5062
5092,5062
5093,5063
5094,5063
5095,5064
5096,5064
5097,5064
5098,5064
5099,5067
5100,5067
5101,5068
5102,5068
5103,5068
5104,5068
5105,5069
5106,5069
5107,5070
5108,5070
5109,5073
5110,5074
5111,5074
5112,5074
5113,5077
5114,5077
5115,5078
5116,5078
5117,5078
5118,5080
5119,5080
5120,5081
5121,5081
5122,5082
5123,5083
5124,5084
5125,5084
5126,5085
5127,5087
5128,5087
5129,5087
5130,5088
5131,5089
5132,5089
5133,5089
5134,5090
5135,5091
5136,5092
5137,5093
5138,5095
5139,5096
5140,5096
5141,5096
5142,5098
5143,5101
5144,5102
5145,5106
5146,5106
5147,5106
5148,5106
5149,5107
5150,5108
5151,5108
5152,5108
5153,5109
5154,5111
5155,5113
5156,5117
5157,5119
5158,5119
5159,5119
5160,5123
5161,5124
5162,5124
5163,5125
5164,5125
5165,5126
5166,5127
5167,5129
5168,5130
5169,5130
5170,5130
5171,5131
5172,5132
5173,5132
5174,5134
5175,5135
5176,5137
5177,5137
5178,5138
5179,5139
5180,5141
5181,5143
5182,5146
5183,5147
5184,5148
5185,5148
5186,5148
5187,5149
5188,5149
5189,5152
5190,5154
5191,5158
5192,5160
5193,5160
5194,5163
5195,5164
5196,5165
5197,5166
5198,5166
5199,5166
5200,5168
5201,5170
5202,5171
5203,5172
5204,5172
5205,5173
5206,5173
5207,5174
5208,5174
5209,5174
5210,5174
5211,5176
5212,5176
5213,5177
5214,5179
5215,5182
5216,5182
5217,5184
5218,5184
5219,5185
5220,5185
5221,5186
5222,5186
5223,5186
5224,5186
5225,5188
5226,5188
5227,5188
5228,5189
5229,5189
5230,5189
5231,5192
5232,5194
5233,5196
5234,5196
5235,5196
5236,5197
5237,5199
5238,5199
5239,5201
5240,5201
5241,5204
5242,5204
5243,5204
5244,5205
5245,5206
5246,5207
5247,5208
5248,5209
5249,5209
5250,5210
5251,5211
5252,5212
5253,5214
5254,5216
5255,5216
5256,5218
5257,5221
5258,5222
5259,5222
5260,5223
5261,5225
5262,5225
5263,5226
5264,5226
5265,5227
5266,5228
5267,5228
5268,5229
5269,5229
5270,5230
5271,5231
5272,5231
5273,5234
5274,5234
5275,5236
5276,5236
5277,5240
5278,5242
5279,5242
5280,5247
5281,5247
5282,5247
5283,5248
5284,5249
5285,5249
5286,5249
5287,5251
5288,5251
5289,5253
5290,5255
5291,5256
5292,5257
5293,5259
5294,5259
5295,5260
5296,5260
5297,5261
5298,5262
5299,5264
5300,5264
5301,5265
5302,5272
5303,5272
5304,5272
5305,5273
5306,5276
5307,5276
5308,5277
5309,5278
5310,5278
5311,5279
5312,5282
5313,5282
5314,5283
5315,5283
5316,5284
5317,5284
5318,5287
5319,5289
5320,5290
5321,5292
5322,5292
5323,5295
5324,5296
5325,5299
5326,5299
5327,5299
5328,5301
5329,5301
5330,5302
5331,5302
5332,5302
5333,5303
5334,5303
5335,5304
5336,5306
5337,5307
5338,5307
5339,5308
5340,5310
5341,5311
5342,5312
5343,5312
5344,5312
5345,5313
5346,5315
5347,5315
5348,5315
5349,5315
5350,5317
5351,5318
5352,5319
5353,5320
5354,5320
5355,5323
5356,5324
5357,5324
5358,5324
5359,5325
5360,5325
5361,5326
5362,5327
5363,5328
5364,5328
5365,5329
5366,5329
5367,5329
5368,5330
5369,5332
5370,5332
5371,5333
5372,5333
5373,5333
5374,5334
5375,5334
5376,5334
5377,5337
5378,5339
5379,5339
5380,5340
5381,5341
5382,5341
5383,5342
5384,5342
5385,5342
5386,5343
5387,5344
5388,5344
5389,5344
5390,5345
5391,5346
5392,5347
5393,5347
5394,5348
5395,5349
5396,5352
5397,5353
5398,5353
5399,5353
5400,5354
5401,5354
5402,5354
5403,5354
5404,5355
5405,5356
5406,5359
5407,5361
5408,5361
5409,5361
5410,5361
5411,5363
5412,5364
5413,5364
5414,5365
5415,5366
5416,5367
5417,5367
5418,5367
5419,5369
5420,5369
5421,5372
5422,5374
5423,5375
5424,5375
5425,5379
5426,5380
5427,5382
5428,5382
5429,5383
5430,5384
5431,5385
5432,5385
5433,5387
5434,5388
5435,5389
5436,5389
5437,5389
5438,5390
5439,5391
5440,5394
5441,5394
5442,5395
5443,5395
5444,5399
5445,5400
5446,5401
5447,5401
5448,5403
5449,5404
5450,5404
5451,5404
5452,5405
5453,5406
5454,5408
5455,5408
5456,5409
5457,5409
5458,5409
5459,5410
5460,5414
5461,5414
5462,5415
5463,5415
5464,5416
5465,5418
5466,5419
5467,5421
5468,5421
5469,5423
5470,5424
5471,5424
5472,5425
5473,5426
5474,5427
5475,5428
5476,5429
5477,5431
5478,5432
5479,5433
5480,5433
5481,5434
5482,5434
5483,5434
5484,5435
5485,5436
5486,5436
5487,5436
5488,5438
5489,5440
5490,5440
5491,5441
5492,5443
5493,5443
5494,5445
5495,5446
5496,5450
5497,5451
5498,5452
5499,5454
5500,5454
5501,5454
5502,5455
5503,5456
5504,5457
5505,5458
5506,5459
5507,5459
5508,5459
5509,5460
5510,5460
5511,5461
5512,5462
5513,5464
5514,5466
5515,5470
5516,5472
5517,5472
5518,5473
5519,5473
5520,5473
5521,5473
5522,5474
5523,5475
5524,5476
5525,5480
5526,5480
5527,5482
5528,5482
5529,5482
5530,5483
5531,5484
5532,5485
5533,5485
5534,5485
5535,5485
5536,5486
5537,5487
5538,5488
5539,5488
5540,5488
5541,5489
5542,5490
5543,5491
5544,5494
5545,5495
5546,5495
5547,5497
5548,5497
5549,5497
5550,5497
5551,5498
5552,5499
5553,5502
5554,5504
5555,5505
5556,5506
5557,5506
5558,5509
5559,5510
5560,5510
5561,5511
5562,5512
5563,5513
5564,5513
5565,5514
5566,5515
5567,5516
5568,5516
5569,5516
5570,5517
5571,5518
5572,5520
5573,5525
5574,5525
5575,5526
5576,5527
5577,5530
5578,5532
5579,5532
5580,5532
5581,5535
5582,5535
5583,5536
5584,5538
5585,5538
5586,5539
5587,5540
5588,5541
5589,5543
5590,5544
5591,5545
5592,5546
5593,5546
5594,5548
5595,5548
5596,5549
5597,5550
5598,5552
5599,5552
5600,5553
5601,5556
5602,5556
5603,5556
5604,5556
5605,5556
5606,5557
5607,5557
5608,5559
5609,5559
5610,5564
5611,5564
5612,5565
5613,5565
5614,5566
5615,5566
5616,5567
5617,5567
5618,5567
5619,5568
5620,5568
5621,5569
5622,5571
5623,5572
5624,5574
5625,5576
5626,5576
5627,5577
5628,5578
5629,5578
5630,5579
5631,5580
5632,5582
5633,5582
5634,5582
5635,5584
5636,5585
5637,5585
5638,5585
5639,5586
5640,5589
5641,5589
5642,5591
5643,5592
5644,5592
5645,5593
5646,5594
5647,5596
5648,5597
5649,5598
5650,5598
5651,5598
5652,5601
5653,5601
5654,5602
5655,5602
5656,5602
5657,5602
5658,5603
5659,5605
5660,5606
5661,5606
5662,5608
5663,5610
5664,5612
5665,5612
5666,5613
5667,5613
5668,5613
5669,5615
5670,5616
5671,5617
5672,5617
5673,5617
5674,5618
5675,5619
5676,5619
5677,5619
5678,5623
5679,5625
5680,5625
5681,5625
5682,5625
5683,5627
5684,5627
5685,5627
5686,5627
5687,5628
5688,5630
5689,5633
5690,5633
5691,5633
5692,5633
5693,5634
5694,5636
5695,5636
5696,5637
5697,5639
5698,5640
5699,5640
5700,5640
5701,5641
5702,5641
5703,5644
5704,5644
5705,5644
5706,5645
5707,5646
5708,5647
5709,5647
5710,5647
5711,5648
5712,5648
5713,5649
5714,5649
5715,5650
5716,5652
5717,5652
5718,5653
5719,5653
5720,5654
5721,5656
5722,5658
5723,5660
5724,5661
5725,5664
5726,5665
5727,5665
5728,5666
5729,5667
5730,5668
5731,5668
5732,5669
5733,5670
5734,5672
5735,5672
5736,5672
5737,5673
5738,5673
5739,5674
5740,5674
5741,5674
5742,5678
5743,5683
5744,5683
5745,5683
5746,5685
5747,5686
5748,5686
5749,5686
5750,5689
5751,5689
5752,5690
5753,5690
5754,5690
5755,5691
5756,5692
5757,5692
5758,5696
5759,5696
5760,5696
5761,5697
5762,5698
5763,5699
5764,5700
5765,5702
5766,5703
5767,5703
5768,5703
5769,5703
5770,5704
5771,5705
5772,5705
5773,5705
5774,5705
5775,5706
5776,5707
5777,5710
5778,5710
5779,5711
5780,5712
5781,5712
5782,5713
5783,5714
5784,5715
5785,5716
5786,5717
5787,5717
5788,5719
5789,5719
5790,5719
5791,5720
5792,5722
5793,5725
5794,5725
5795,5726
5796,5727
5797,5727
5798,5727
5799,5729
5800,5731
5801,5731
5802,5732
5803,5732
5804,5733
5805,5734
5806,5734
5807,5735
5808,5736
5809,5736
5810,5737
5811,5737
5812,5737
5813,5738
5814,5739
5815,5740
5816,5742
5817,5743
5818,5743
5819,5743
5820,5744
5821,5744
5822,5745
5823,5747
5824,5747
5825,5749
5826,5750
5827,5752
5828,5753
5829,5754
5830,5757
5831,5758
5832,5760
5833,5761
5834,5762
5835,5763
5836,5764
5837,5767
5838,5769
5839,5769
5840,5770
5841,5771
5842,5771
5843,5772
5844,5773
5845,5773
5846,5774
5847,5774
5848,5775
5849,5776
5850,5776
5851,5777
5852,5777
5853,5777
5854,5778
5855,5779
5856,5780
5857,5780
5858,5782
5859,5782
5860,5783
5861,5784
5862,5784
5863,5785
5864,5786
5865,5787
5866,5787
5867,5790
5868,5791
5869,5791
5870,5792
5871,5792
5872,5794
5873,5797
5874,5797
5875,5798
5876,5800
5877,5801
5878,5801
5879,5802
5880,5803
5881,5803
5882,5805
5883,5805
5884,5806
5885,5806
5886,5810
5887,5811
5888,5812
5889,5813
5890,5813
5891,5813
5892,5813
5893,5815
5894,5816
5895,5816
5896,5820
5897,5821
5898,5822
5899,5822
5900,5822
5901,5823
5902,5824
5903,5825
5904,5825
5905,5826
5906,5827
5907,5827
5908,5827
5909,5828
5910,5830
5911,5832
5912,5835
5913,5835
5914,5836
5915,5837
5916,5838
5917,5839
5918,5840
5919,5844
5920,5845
5921,5845
5922,5846
5923,5849
5924,5851
5925,5852
5926,5853
5927,5855
5928,5856
5929,5857
5930,5860
5931,5861
5932,5862
5933,5866
5934,5866
5935,5867
5936,5867
5937,5869
5938,5870
5939,5870
5940,5872
5941,5873
5942,5875
5943,5876
5944,5879
5945,5879
5946,5881
5947,5881
5948,5881
5949,5882
5950,5884
5951,5884
5952,5884
5953,5884
5954,5884
5955,5886
5956,5887
5957,5888
5958,5889
5959,5890
5960,5893
5961,5893
5962,5893
5963,5896
5964,5896
5965,5897
5966,5898
5967,5898
5968,5900
5969,5900
5970,5901
5971,5903
5972,5903
5973,5904
5974,5905
5975,5906
5976,5907
5977,5908
5978,5909
5979,5909
5980,5911
5981,5912
5982,5912
5983,5913
5984,5914
5985,5919
5986,5919
5987,5921
5988,5923
5989,5924
5990,5926
5991,5926
5992,5927
5993,5929
5994,5930
5995,5932
5996,5933
5997,5934
5998,5937
5999,5938
6000,5938
6001,5939
6002,5940
6003,5940
6004,5943
6005,5945
6006,5946
6007,5946
6008,5947
6009,5947
6010,5948
6011,5948
6012,5952
6013,5953
6014,5955
6015,5959
6016,5960
6017,5961
6018,5962
6019,5962
6020,5963
6021,5963
6022,5964
6023,5965
6024,5966
6025,5967
6026,5968
6027,5969
6028,5971
6029,5972
6030,5974
6031,5974
6032,5975
6033,5976
6034,5976
6035,5976
6036,5977
6037,5978
6038,5978
6039,5979
6040,5983
6041,5985
6042,5986
6043,5986
6044,5986
6045,5986
6046,5989
6047,5993
6048,5993
6049,5994
6050,5997
6051,6000
6052,6001
6053,6001
6054,6005
6055,6006
6056,6007
6057,6007
6058,6010
6059,6010
6060,6010
6061,6012
6062,6012
6063,6012
6064,6013
6065,6014
6066,6016
6067,6017
6068,6017
6069,6018
6070,6020
6071,6020
6072,6021
6073,6024
6074,6025
6075,6025
6076,6026
6077,6027
6078,6027
6079,6028
6080,6028
6081,6029
6082,6030
6083,6031
6084,6031
6085,6031
6086,6032
6087,6037
6088,6039
6089,6039
6090,6041
6091,6041
6092,6041
6093,6042
6094,6044
6095,6044
6096,6044
6097,6044
6098,6045
6099,6045
6100,6048
6101,6048
6102,6048
6103,6050
6104,6051
6105,6052
6106,6052
6107,6052
6108,6053
6109,6053
6110,6054
6111,6054
6112,6054
6113,6054
6114,6055
6115,6056
6116,6057
6117,6059
6118,6060
6119,6062
6120,6063
6121,6063
6122,6064
6123,6064
6124,6065
6125,6065
6126,6067
6127,6068
6128,6068
6129,6068
6130,6068
6131,6072
6132,6073
6133,6074
6134,6074
6135,6076
6136,6077
6137,6078
6138,6080
6139,6081
6140,6082
6141,6082
6142,6082
6143,6082
6144,6083
6145,6083
6146,6085
6147,6088
6148,6088
6149,6089
6150,6089
6151,6089
6152,6090
6153,6091
6154,6092
6155,6092
6156,6095
6157,6098
6158,6100
6159,6103
6160,6104
6161,6105
6162,6106
6163,6106
6164,6110
6165,6112
6166,6113
6167,6114
6168,6117
6169,6117
6170,6117
6171,6118
6172,6119
6173,6119
6174,6121
6175,6122
6176,6122
6177,6123
6178,6124
6179,6124
6180,6124
6181,6126
6182,6127
6183,6127
6184,6129
6185,6129
6186,6130
6187,6130
6188,6131
6189,6133
6190,6136
6191,6136
6192,6137
6193,6138
6194,6138
6195,6139
6196,6139
6197,6139
6198,6139
6199,6141
6200,6145
6201,6145
6202,6146
6203,6146
6204,6149
6205,6149
6206,6150
6207,6150
6208,6151
6209,6152
6210,6152
6211,6152
6212,6154
6213,6155
6214,6155
6215,6155
6216,6155
6217,6156
6218,6156
6219,6156
6220,6157
6221,6157
6222,6158
6223,6159
6224,6162
6225,6162
6226,6163
6227,6167
6228,6168
6229,6170
6230,6171
6231,6173
6232,6173
6233,6175
6234,6176
6235,6177
6236,6177
6237,6179
6238,6182
6239,6182
6240,6182
6241,6182
6242,6182
6243,6185
6244,6185
6245,6188
6246,6188
6247,6188
6248,6189
6249,6190
6250,6190
6251,6192
6252,6193
6253,6194
6254,6195
6255,6198
6256,6199
6257,6199
6258,6199
6259,6200
6260,6201
6261,6201
6262,6202
6263,6203
6264,6207
6265,6208
6266,6209
6267,6210
6268,6212
6269,6212
6270,6213
6271,6213
6272,6214
6273,6217
6274,6217
6275,6217
6276,6217
6277,6220
6278,6221
6279,6221
6280,6223
6281,6223
6282,6224
6283,6228
6284,6229
6285,6229
6286,6229
6287,6229
6288,6232
6289,6237
6290,6237
6291,6238
6292,6240
6293,6240
6294,6242
6295,6243
6296,6246
6297,6247
6298,6247
6299,6248
6300,6248
6301,6249
6302,6250
6303,6250
6304,6251
6305,6251
6306,6251
6307,6253
6308,6255
6309,6255
6310,6255
6311,6255
6312,6256
6313,6257
6314,6258
6315,6261
6316,6263
6317,6264
6318,6264
6319,6264
6320,6265
6321,6265
6322,6266
6323,6266
6324,6267
6325,6267
6326,6269
6327,6269
6328,6269
6329,6274
6330,6274
6331,6276
6332,6276
6333,6277
6334,6277
6335,6277
6336,6278
6337,6279
6338,6280
6339,6281
6340,6282
6341,6282
6342,6283
6343,6285
6344,6285
6345,6286
6346,6286
6347,6287
6348,6287
6349,6287
6350,6287
6351,6289
6352,6289
6353,6289
6354,6290
6355,6291
6356,6291
6357,6292
6358,6292
6359,6293
6360,6295
6361,6300
6362,6300
6363,6302
6364,6303
6365,6304
6366,6305
6367,6305
6368,6305
6369,6306
6370,6306
6371,6306
6372,6309
6373,6309
6374,6311
6375,6311
6376,6313
6377,6313
6378,6313
6379,6315
6380,6316
6381,6317
6382,6318
6383,6319
6384,6319
6385,6320
6386,6321
6387,6323
6388,6323
6389,6324
6390,6324
6391,6325
6392,6326
6393,6326
6394,6327
6395,6328
6396,6328
6397,6333
6398,6333
6399,6333
6400,6334
6401,6335
6402,6336
6403,6337
6404,6338
6405,6338
6406,6338
6407,6338
6408,6339
6409,6339
6410,6340
6411,6343
6412,6343
6413,6346
6414,6346
6415,6346
6416,6347
6417,6353
6418,6353
6419,6354
6420,6355
6421,6355
6422,6355
6423,6356
6424,6359
6425,6359
6426,6359
6427,6361
6428,6363
6429,6363
6430,6364
6431,6365
6432,6366
6433,6367
6434,6368
6435,6370
6436,6370
6437,6371
6438,6371
6439,6372
6440,6376
6441,6376
6442,6379
6443,6380
6444,6380
6445,6380
6446,6380
6447,6381
6448,6382
6449,6383
6450,6384
6451,6384
6452,6386
6453,6387
6454,6387
6455,6388
6456,6389
6457,6391
6458,6391
6459,6391
6460,6392
6461,6394
6462,6394
6463,6395
6464,6396
6465,6396
6466,6396
6467,6396
6468,6397
6469,6397
6470,6398
6471,6398
6472,6400
6473,6402
6474,6405
6475,6406
6476,6406
6477,6408
6478,6409
6479,6409
6480,6411
6481,6411
6482,6412
6483,6413
6484,6416
6485,6416
6486,6417
6487,6418
6488,6419
6489,6420
6490,6420
6491,6420
6492,6420
6493,6422
6494,6425
6495,6426
6496,6427
6497,6428
6498,6429
6499,6429
6500,6429
6501,6430
6502,6431
6503,6432
6504,6433
6505,6435
6506,6435
6507,6435
6508,6436
6509,6436
6510,6436
6511,6438
6512,6438
6513,6439
6514,6441
6515,6442
6516,6444
6517,6448
6518,6448
6519,6449
6520,6450
6521,6453
6522,6453
6523,6454
6524,6455
6525,6460
6526,6460
6527,6462
6528,6465
6529,6465
6530,6465
6531,6467
6532,6469
6533,6469
6534,6471
6535,6475
6536,6478
6537,6480
6538,6480
6539,6481
6540,6483
6541,6483
6542,6484
6543,6485
6544,6485
6545,6488
6546,6490
6547,6491
6548,6491
6549,6492
6550,6492
6551,6495
6552,6495
6553,6496
6554,6497
6555,6498
6556,6499
6557,6500
6558,6503
6559,6504
6560,6507
6561,6507
6562,6510
6563,6511
6564,6511
6565,6515
6566,6515
6567,6516
6568,6517
6569,6517
6570,6521
6571,6522
6572,6523
6573,6526
6574,6527
6575,6528
6576,6528
6577,6529
6578,6530
6579,6531
6580,6531
6581,6532
6582,6532
6583,6533
6584,6533
6585,6534
6586,6535
6587,6535
6588,6536
6589,6536
6590,6538
6591,6538
6592,6538
6593,6538
6594,6544
6595,6545
6596,6547
6597,6547
6598,6549
6599,6550
6600,6553
6601,6553
6602,6554
6603,6554
6604,6556
6605,6556
6606,6560
6607,6561
6608,6562
6609,6563
6610,6564
6611,6564
6612,6564
6613,6565
6614,6565
6615,6565
6616,6566
6617,6566
6618,6568
6619,6569
6620,6571
6621,6571
6622,6572
6623,6572
6624,6574
6625,6575
6626,6576
6627,6582
6628,6583
6629,6584
6630,6584
6631,6585
6632,6585
6633,6587
6634,6587
6635,6588
6636,6588
6637,6589
6638,6590
6639,6591
6640,6592
6641,6592
6642,6594
6643,6595
6644,6595
6645,6598
6646,6600
6647,6603
6648,6604
6649,6604
6650,6605
6651,6606
6652,6608
6653,6609
6654,6609
6655,6610
6656,6610
6657,6610
6658,6612
6659,6612
6660,6612
6661,6613
6662,6615
6663,6615
6664,6617
6665,6617
6666,6617
6667,6618
6668,6620
6669,6621
6670,6622
6671,6622
6672,6622
6673,6622
6674,6623
6675,6624
6676,6625
6677,6627
6678,6632
6679,6632
6680,6633
6681,6637
6682,6637
6683,6639
6684,6639
6685,6639
6686,6639
6687,6641
6688,6642
6689,6642
6690,6642
6691,6644
6692,6646
6693,6648
6694,6650
6695,6652
6696,6655
6697,6656
6698,6657
6699,6658
6700,6660
6701,6661
6702,6661
6703,6662
6704,6665
6705,6666
6706,6668
6707,6669
6708,6669
6709,6670
6710,6670
6711,6672
6712,6673
6713,6674
6714,6676
6715,6676
6716,6676
6717,6676
6718,6677
6719,6681
6720,6681
6721,6682
6722,6682
6723,6682
6724,6683
6725,6684
6726,6684
6727,6684
6728,6686
6729,6687
6730,6687
6731,6689
6732,6690
6733,6692
6734,6693
6735,6694
6736,6694
6737,6695
6738,6698
6739,6698
6740,6699
6741,6700
6742,6703
6743,6705
6744,6706
6745,6706
6746,6707
6747,6707
6748,6707
6749,6708
6750,6709
6751,6709
6752,6711
6753,6711
6754,6711
6755,6712
6756,6712
6757,6721
6758,6722
6759,6722
6760,6722
6761,6723
6762,6724
6763,6726
6764,6728
6765,6728
6766,6729
6767,6732
6768,6734
6769,6735
6770,6736
6771,6736
6772,6738
6773,6738
6774,6739
6775,6743
6776,6743
6777,6745
6778,6746
6779,6747
6780,6748
6781,6751
6782,6752
6783,6752
6784,6754
6785,6755
6786,6757
6787,6757
6788,6757
6789,6757
6790,6758
6791,6758
6792,6758
6793,6760
6794,6761
6795,6761
6796,6761
6797,6762
6798,6763
6799,6766
6800,6766
6801,6766
6802,6767
6803,6767
6804,6767
6805,6768
6806,6768
6807,6770
6808,6773
6809,6773
6810,6774
6811,6774
6812,6776
6813,6778
6814,6778
6815,6778
6816,6779
6817,6779
6818,6780
6819,6780
6820,6781
6821,6781
6822,6784
6823,6784
6824,6784
6825,6786
6826,6788
6827,6790
6828,6793
6829,6793
6830,6794
6831,6795
6832,6795
6833,6796
6834,6796
6835,6797
6836,6797
6837,6797
6838,6798
6839,6801
6840,6801
6841,6801
6842,6801
6843,6803
6844,6804
6845,6804
6846,6805
6847,6805
6848,6806
6849,6808
6850,6809
6851,6809
6852,6809
6853,6812
6854,6814
6855,6814
6856,6814
6857,6815
6858,6816
6859,6816
6860,6818
6861,6818
6862,6822
6863,6823
6864,6823
6865,6824
6866,6825
6867,6825
6868,6826
6869,6827
6870,6829
6871,6829
6872,6829
6873,6831
6874,6835
6875,6836
6876,6837
6877,6837
6878,6837
6879,6838
6880,6843
6881,6844
6882,6845
6883,6845
6884,6847
6885,6849
6886,6849
6887,6851
6888,6853
6889,6854
6890,6855
6891,6855
6892,6855
6893,6856
6894,6860
6895,6860
6896,6862
6897,6865
6898,6865
6899,6865
6900,6866
6901,6866
6902,6867
6903,6867
6904,6870
6905,6871
6906,6871
6907,6872
6908,6872
6909,6875
6910,6878
6911,6878
6912,6878
6913,6879
6914,6880
6915,6880
6916,6880
6917,6881
6918,6882
6919,6883
6920,6886
6921,6887
6922,6887
6923,6887
6924,6888
6925,6890
6926,6896
6927,6896
6928,6897
6929,6897
6930,6897
6931,6897
6932,6899
6933,6901
6934,6901
6935,6901
6936,6901
6937,6902
6938,6904
6939,6904
6940,6906
6941,6906
6942,6907
6943,6907
6944,6907
6945,6907
6946,6907
6947,6909
6948,6911
6949,6911
6950,6912
6951,6912
6952,6912
6953,6912
6954,6915
6955,6917
6956,6918
6957,6920
6958,6920
6959,6921
6960,6922
6961,6922
6962,6922
6963,6923
6964,6926
6965,6926
6966,6926
6967,6927
6968,6929
6969,6929
6970,6930
6971,6930
6972,6930
6973,6932
6974,6934
6975,6934
6976,6937
6977,6937
6978,6938
6979,6940
6980,6942
6981,6942
6982,6942
6983,6947
6984,6947
6985,6947
6986,6951
6987,6952
6988,6953
6989,6954
6990,6955
6991,6956
6992,6956
6993,6956
6994,6956
6995,6957
6996,6957
6997,6957
6998,6958
6999,6959
7000,6959
7001,6960
7002,6961
7003,6961
7004,6962
7005,6962
7006,6966
7007,6967
7008,6969
7009,6970
7010,6971
7011,6975
7012,6975
7013,6976
7014,6976
7015,6977
7016,6977
7017,6978
7018,6978
7019,6979
7020,6979
7021,6979
7022,6979
7023,6980
7024,6981
7025,6983
7026,6984
7027,6984
7028,6985
7029,6986
7030,6986
7031,6987
7032,6988
7033,6988
7034,6989
7035,6990
7036,6992
7037,6993
7038,6993
7039,6994
7040,6995
7041,6995
7042,6996
7043,6996
7044,6997
7045,6997
7046,6998
7047,6999
7048,7003
7049,7005
7050,7005
7051,7006
7052,7010
7053,7010
7054,7013
7055,7014
7056,7015
7057,7017
7058,7019
7059,7020
7060,7021
7061,7023
7062,7024
7063,7024
7064,7026
7065,7027
7066,7027
7067,7028
7068,7028
7069,7029
7070,7030
7071,7031
7072,7032
7073,7034
7074,7036
7075,7037
7076,7038
7077,7041
7078,7042
7079,7043
7080,7043
7081,7043
7082,7046
7083,7046
7084,7047
7085,7047
7086,7048
7087,7052
7088,7053
7089,7053
7090,7057
7091,7057
7092,7058
7093,7058
7094,7060
7095,7061
7096,7061
7097,7063
7098,7063
7099,7064
7100,7067
7101,7067
7102,7068
7103,7070
7104,7070
7105,7071
7106,7072
7107,7072
7108,7073
7109,7074
7110,7075
7111,7076
7112,7076
7113,7078
7114,7078
7115,7079
7116,7079
7117,7080
7118,7080
7119,7081
7120,7082
7121,7082
7122,7084
7123,7086
7124,7087
7125,7089
7126,7090
7127,7091
7128,7092
7129,7092
7130,7092
7131,7095
7132,7098
7133,7099
7134,7100
7135,7101
7136,7102
7137,7103
7138,7104
7139,7104
7140,7104
7141,7105
7142,7105
7143,7108
7144,7108
7145,7110
7146,7111
7147,7112
7148,7113
7149,7113
7150,7115
7151,7118
7152,7118
7153,7118
7154,7120
7155,7120
7156,7120
7157,7120
7158,7121
7159,7123
7160,7125
7161,7127
7162,7128
7163,7129
7164,7130
7165,7130
7166,7130
7167,7131
7168,7131
7169,7132
7170,7133
7171,7134
7172,7135
7173,7138
7174,7140
7175,7141
7176,7141
7177,7142
7178,7142
7179,7143
7180,7144
7181,7145
7182,7145
7183,7145
7184,7146
7185,7146
7186,7146
7187,7147
7188,7147
7189,7147
7190,7150
7191,7150
7192,7150
7193,7150
7194,7152
7195,7156
7196,7156
7197,7157
7198,7158
7199,7159
7200,7160
7201,7161
7202,7162
7203,7162
7204,7163
7205,7165
7206,7165
7207,7165
7208,7166
7209,7167
7210,7168
7211,7168
7212,7168
7213,7169
7214,7170
7215,7170
7216,7171
7217,7171
7218,7175
7219,7175
7220,7176
7221,7176
7222,7180
7223,7182
7224,7182
7225,7183
7226,7184
7227,7184
7228,7187
7229,7188
7230,7188
7231,7188
7232,7190
7233,7191
7234,7191
7235,7193
7236,7193
7237,7194
7238,7194
7239,7194
7240,7195
7241,7196
7242,7196
7243,7197
7244,7201
7245,7202
7246,7202
7247,7203
7248,7204
7249,7205
7250,7207
7251,7208
7252,7209
7253,7209
7254,7210
7255,7211
7256,7211
7257,7212
7258,7213
7259,7221
7260,7222
7261,7224
7262,7225
7263,7225
7264,7225
7265,7225
7266,7227
7267,7228
7268,7228
7269,7234
7270,7235
7271,7235
7272,7238
7273,7239
7274,7240
7275,7240
7276,7241
7277,7242
7278,7244
7279,7246
7280,7246
7281,7249
7282,7250
7283,7250
7284,7250
7285,7251
7286,7252
7287,7252
7288,7253
7289,7253
7290,7254
7291,7254
7292,7256
7293,7256
7294,7257
7295,7258
7296,7259
7297,7260
7298,7260
7299,7260
7300,7261
7301,7261
7302,7264
7303,7265
7304,7267
7305,7268
7306,7268
7307,7269
7308,7270
7309,7273
7310,7273
7311,7274
7312,7274
7313,7275
7314,7277
7315,7278
7316,7278
7317,7279
7318,7279
7319,7279
7320,7281
7321,7284
7322,7284
7323,7286
7324,7286
7325,7287
7326,7287
7327,7287
7328,7288
7329,7288
7330,7289
7331,7289
7332,7290
7333,7291
7334,7291
7335,7291
7336,7292
7337,7293
7338,7294
7339,7294
7340,7296
7341,7300
7342,7303
7343,7303
7344,7304
7345,7304
7346,7304
7347,7304
7348,7305
7349,7308
7350,7308
7351,7309
7352,7309
7353,7309
7354,7310
7355,7310
7356,7310
7357,7311
7358,7312
7359,7313
7360,7313
7361,7313
7362,7313
7363,7314
7364,7314
7365,7314
7366,7314
7367,7316
7368,7318
7369,7318
7370,7318
7371,7319
7372,7320
7373,7321
7374,7322
7375,7322
7376,7322
7377,7322
7378,7325
7379,7326
7380,7326
7381,7329
7382,7331
7383,7333
7384,7333
7385,7333
7386,7334
7387,7335
7388,7337
7389,7337
7390,7338
7391,7341
7392,7341
7393,7342
7394,7344
7395,7344
7396,7345
7397,7345
7398,7345
7399,7347
7400,7347
7401,7348
7402,7348
7403,7349
7404,7349
7405,7351
7406,7357
7407,7358
7408,7359
7409,7360
7410,7360
7411,7361
7412,7363
7413,7363
7414,7363
7415,7364
7416,7364
7417,7366
7418,7368
7419,7369
7420,7369
7421,7369
7422,7369
7423,7369
7424,7372
7425,7372
7426,7372
7427,7373
7428,7375
7429,7377
7430,7377
7431,7378
7432,7378
7433,7379
7434,7381
7435,7382
7436,7383
7437,7384
7438,7384
7439,7384
7440,7386
7441,7386
7442,7387
7443,7387
7444,7389
7445,7389
7446,7390
7447,7391
7448,7393
7449,7393
7450,7394
7451,7396
7452,7396
7453,7397
7454,7398
7455,7398
7456,7399
7457,7399
7458,7400
7459,7401
7460,7402
7461,7403
7462,7404
7463,7404
7464,7405
7465,7405
7466,7405
7467,7406
7468,7406
7469,7406
7470,7406
7471,7406
7472,7407
7473,7408
7474,7408
7475,7411
7476,7412
7477,7413
7478,7414
7479,7414
7480,7414
7481,7414
7482,7415
7483,7417
7484,7419
7485,7420
7486,7423
7487,7426
7488,7426
7489,7432
7490,7434
7491,7434
7492,7434
7493,7435
7494,7435
7495,7435
7496,7436
7497,7436
7498,7436
7499,7436
7500,7438
7501,7440
7502,7440
7503,7440
7504,7441
7505,7442
7506,7443
7507,7444
7508,7444
7509,7444
7510,7445
7511,7446
7512,7447
7513,7448
7514,7448
7515,7450
7516,7451
7517,7452
7518,7454
7519,7455
7520,7455
7521,7459
7522,7462
7523,7464
7524,7465
7525,7466
7526,7466
7527,7467
7528,7467
7529,7467
7530,7468
7531,7469
7532,7469
7533,7471
7534,7474
7535,7474
7536,7475
7537,7477
7538,7477
7539,7479
7540,7479
7541,7480
7542,7481
7543,7484
7544,7485
7545,7485
7546,7487
7547,7488
7548,7491
7549,7494
7550,7497
7551,7500
7552,7501
7553,7503
7554,7505
7555,7505
7556,7506
7557,7506
7558,7510
7559,7512
7560,7514
7561,7514
7562,7514
7563,7515
7564,7516
7565,7516
7566,7517
7567,7518
7568,7519
7569,7522
7570,7522
7571,7523
7572,7528
7573,7529
7574,7529
7575,7530
7576,7532
7577,7532
7578,7533
7579,7533
7580,7534
7581,7535
7582,7535
7583,7536
7584,7541
7585,7541
7586,7543
7587,7544
7588,7546
7589,7547
7590,7547
7591,7549
7592,7549
7593,7550
7594,7550
7595,7551
7596,7555
7597,7555
7598,7555
7599,7557
7600,7560
7601,7560
7602,7562
7603,7563
7604,7564
7605,7565
7606,7565
7607,7565
7608,7566
7609,7567
7610,7567
7611,7568
7612,7568
7613,7569
7614,7569
7615,7569
7616,7571
7617,7573
7618,7573
7619,7576
7620,7577
7621,7581
7622,7581
7623,7582
7624,7583
7625,7583
7626,7584
7627,7585
7628,7586
7629,7587
7630,7589
7631,7590
7632,7590
7633,7592
7634,7593
7635,7594
7636,7594
7637,7595
7638,7596
7639,7598
7640,7598
7641,7599
7642,7599
7643,7601
7644,7604
7645,7605
7646,7606
7647,7607
7648,7607
7649,7608
7650,7608
7651,7610
7652,7611
7653,7611
7654,7612
7655,7614
7656,7614
7657,7615
7658,7615
7659,7615
7660,7616
7661,7616
7662,7623
7663,7626
7664,7627
7665,7627
7666,7628
7667,7629
7668,7631
7669,7632
7670,7633
7671,7633
7672,7635
7673,7635
7674,7636
7675,7637
7676,7637
7677,7639
7678,7640
7679,7641
7680,7641
7681,7645
7682,7646
7683,7646
7684,7648
7685,7648
7686,7650
7687,7651
7688,7653
7689,7653
7690,7654
7691,7655
7692,7656
7693,7657
7694,7659
7695,7659
7696,7659
7697,7659
7698,7662
7699,7662
7700,7663
7701,7663
7702,7666
7703,7668
7704,7668
7705,7671
7706,7672
7707,7674
7708,7676
7709,7677
7710,7679
7711,7683
7712,7683
7713,7685
7714,7686
7715,7686
7716,7688
7717,7688
7718,7688
7719,7689
7720,7689
7721,7690
7722,7691
7723,7692
7724,7696
7725,7698
7726,7699
7727,7699
7728,7701
7729,7701
7730,7702
7731,7703
7732,7704
7733,7705
7734,7705
7735,7706
7736,7707
7737,7707
7738,7710
7739,7710
7740,7712
7741,7713
7742,7714
7743,7716
7744,7717
7745,7717
7746,7718
7747,7719
7748,7721
7749,7721
7750,7723
7751,7725
7752,7725
7753,7726
7754,7727
7755,7727
7756,7729
7757,7730
7758,7730
7759,7734
7760,7734
7761,7736
7762,7738
7763,7739
7764,7740
7765,7740
7766,7743
7767,7743
7768,7744
7769,7745
7770,7747
7771,7747
7772,7749
7773,7749
7774,7749
7775,7750
7776,7756
7777,7756
7778,7757
7779,7759
7780,7762
7781,7762
7782,7762
7783,7763
7784,7764
7785,7765
7786,7767
7787,7768
7788,7769
7789,7769
7790,7772
7791,7772
7792,7772
7793,7773
7794,7773
7795,7774
7796,7774
7797,7775
7798,7776
7799,7777
7800,7777
7801,7780
7802,7785
7803,7787
7804,7787
7805,7787
7806,7788
7807,7790
7808,7791
7809,7791
7810,7792
7811,7793
7812,7794
7813,7794
7814,7795
7815,7795
7816,7796
7817,7798
7818,7798
7819,7798
7820,7799
7821,7799
7822,7800
7823,7801
7824,7802
7825,7804
7826,7805
7827,7806
7828,7808
7829,7809
7830,7810
7831,7811
7832,7812
7833,7813
7834,7816
7835,7817
7836,7818
7837,7819
7838,7821
7839,7822
7840,7822
7841,7824
7842,7825
7843,7829
7844,7830
7845,7830
7846,7830
7847,7831
7848,7831
7849,7833
7850,7837
7851,7838
7852,7839
7853,7839
7854,7841
7855,7842
7856,7842
7857,7842
7858,7845
7859,7845
7860,7846
7861,7846
7862,7847
7863,7847
7864,7849
7865,7849
7866,7849
7867,7851
7868,7851
7869,7852
7870,7852
7871,7853
7872,7853
7873,7854
7874,7858
7875,7858
7876,7859
7877,7860
7878,7860
7879,7860
7880,7861
7881,7861
7882,7862
7883,7862
7884,7862
7885,7864
7886,7865
7887,7865
7888,7870
7889,7871
7890,7873
7891,7873
7892,7873
7893,7874
7894,7875
7895,7875
7896,7876
7897,7876
7898,7876
7899,7877
7900,7878
7901,7879
7902,7880
7903,7880
7904,7881
7905,7883
7906,7884
7907,7885
7908,7887
7909,7887
7910,7887
7911,7889
7912,7889
7913,7890
7914,7892
7915,7894
7916,7895
7917,7897
7918,7897
7919,7897
7920,7898
7921,7898
7922,7899
7923,7901
7924,7902
7925,7903
7926,7904
7927,7905
7928,7906
7929,7908
7930,7909
7931,7911
7932,7914
7933,7914
7934,7915
7935,7918
7936,7919
7937,7921
7938,7923
7939,7925
7940,7925
7941,7926
7942,7926
7943,7928
7944,7932
7945,7933
7946,7933
7947,7933
7948,7934
7949,7935
7950,7936
7951,7937
7952,7937
7953,7938
7954,7940
7955,7942
7956,7942
7957,7943
7958,7943
7959,7943
7960,7944
7961,7944
7962,7944
7963,7945
7964,7945
7965,7946
7966,7947
7967,7948
7968,7950
7969,7951
7970,7953
7971,7954
7972,7955
7973,7956
7974,7958
7975,7958
7976,7959
7977,7961
7978,7963
7979,7965
7980,7966
7981,7966
7982,7967
7983,7967
7984,7968
7985,7971
7986,7971
7987,7971
7988,7971
7989,7972
7990,7972
7991,7972
7992,7973
7993,7974
7994,7974
7995,7974
7996,7975
7997,7975
7998,7976
7999,7976
8000,7976
8001,7977
8002,7978
8003,7981
8004,7981
8005,7982
8006,7986
8007,7986
8008,7987
8009,7988
8010,7988
8011,7988
8012,7988
8013,7989
8014,7989
8015,7990
8016,7991
8017,7992
8018,7992
8019,7992
8020,7992
8021,7992
8022,7993
8023,7994
8024,7995
8025,7997
8026,7998
8027,7998
8028,8000
8029,8000
8030,8000
8031,8001
8032,8003
8033,8004
8034,8004
8035,8005
8036,8009
8037,8010
8038,8011
8039,8012
8040,8014
8041,8014
8042,8015
8043,8015
8044,8016
8045,8017
8046,8018
8047,8019
8048,8020
8049,8020
8050,8020
8051,8022
8052,8022
8053,8022
8054,8024
8055,8026
8056,8026
8057,8026
8058,8029
8059,8029
8060,8029
8061,8030
8062,8030
8063,8031
8064,8033
8065,8033
8066,8034
8067,8035
8068,8037
8069,8039
8070,8041
8071,8042
8072,8045
8073,8046
8074,8046
8075,8047
8076,8049
8077,8049
8078,8050
8079,8051
8080,8052
8081,8056
8082,8057
8083,8059
8084,8059
8085,8059
8086,8062
8087,8062
8088,8065
8089,8066
8090,8068
8091,8071
8092,8071
8093,8072
8094,8074
8095,8077
8096,8077
8097,8078
8098,8079
8099,8079
8100,8081
8101,8081
8102,8082
8103,8082
8104,8083
8105,8084
8106,8084
8107,8084
8108,8085
8109,8088
8110,8089
8111,8090
8112,8091
8113,8092
8114,8092
8115,8093
8116,8095
8117,8095
8118,8095
8119,8095
8120,8095
8121,8096
8122,8097
8123,8097
8124,8097
8125,8098
8126,8100
8127,8100
8128,8101
8129,8102
8130,8102
8131,8103
8132,8103
8133,8105
8134,8106
8135,8106
8136,8108
8137,8108
8138,8110
8139,8111
8140,8111
8141,8112
8142,8115
8143,8116
8144,8118
8145,8119
8146,8120
8147,8122
8148,8123
8149,8124
8150,8124
8151,8125
8152,8128
8153,8128
8154,8129
8155,8130
8156,8131
8157,8132
8158,8132
8159,8132
8160,8133
8161,8135
8162,8136
8163,8137
8164,8137
8165,8138
8166,8139
8167,8139
8168,8139
8169,8140
8170,8140
8171,8140
8172,8141
8173,8143
8174,8143
8175,8143
8176,8146
8177,8146
8178,8146
8179,8147
8180,8148
8181,8152
8182,8153
8183,8155
8184,8157
8185,8157
8186,8158
8187,8159
8188,8163
8189,8165
8190,8165
8191,8167
8192,8169
8193,8172
8194,8172
8195,8172
8196,8173
8197,8173
8198,8174
8199,8175
8200,8177
8201,8182
8202,8182
8203,8183
8204,8188
8205,8188
8206,8189
8207,8189
8208,8190
8209,8191
8210,8192
8211,8194
8212,8195
8213,8196
8214,8197
8215,8197
8216,8198
8217,8199
8218,8199
8219,8199
8220,8199
8221,8199
8222,8202
8223,8203
8224,8203
8225,8204
8226,8204
8227,8206
8228,8207
8229,8210
8230,8211
8231,8211
8232,8212
8233,8212
8234,8213
8235,8216
8236,8216
8237,8216
8238,8219
8239,8220
8240,8220
8241,8221
8242,8223
8243,8223
8244,8223
8245,8224
8246,8224
8247,8228
8248,8230
8249,8230
8250,8230
8251,8233
8252,8234
8253,8234
8254,8235
8255,8239
8256,8240
8257,8240
8258,8241
8259,8241
8260,8244
8261,8244
8262,8245
8263,8245
8264,8248
8265,8248
8266,8249
8267,8250
8268,8251
8269,8254
8270,8255
8271,8256
8272,8256
8273,8257
8274,8257
8275,8258
8276,8258
8277,8259
8278,8259
8279,8259
8280,8260
8281,8260
8282,8260
8283,8262
8284,8262
8285,8263
8286,8263
8287,8263
8288,8264
8289,8267
8290,8267
8291,8268
8292,8269
8293,8270
8294,8271
8295,8271
8296,8275
8297,8275
8298,8276
8299,8277
8300,8277
8301,8278
8302,8280
8303,8281
8304,8282
8305,8282
8306,8282
8307,8283
8308,8283
8309,8287
8310,8288
8311,8288
8312,8289
8313,8290
8314,8291
8315,8293
8316,8295
8317,8295
8318,8295
8319,8295
8320,8296
8321,8298
8322,8299
8323,8299
8324,8299
8325,8300
8326,8300
8327,8302
8328,8306
8329,8306
8330,8308
8331,8310
8332,8311
8333,8312
8334,8312
8335,8314
8336,8317
8337,8318
8338,8319
8339,8320
8340,8324
8341,8324
8342,8326
8343,8327
8344,8327
8345,8329
8346,8329
8347,8330
8348,8333
8349,8337
8350,8337
8351,8337
8352,8337
8353,8338
8354,8338
8355,8338
8356,8339
8357,8339
8358,8341
8359,8344
8360,8347
8361,8348
8362,8349
8363,8350
8364,8350
8365,8350
8366,8351
8367,8351
8368,8352
8369,8353
8370,8354
8371,8355
8372,8355
8373,8356
8374,8356
8375,8357
8376,8357
8377,8360
8378,8361
8379,8361
8380,8363
8381,8363
8382,8364
8383,8365
8384,8367
8385,8367
8386,8368
8387,8369
8388,8370
8389,8371
8390,8374
8391,8375
8392,8375
8393,8375
8394,8375
8395,8376
8396,8377
8397,8378
8398,8379
8399,8379
8400,8379
8401,8380
8402,8382
8403,8383
8404,8385
8405,8386
8406,8386
8407,8387
8408,8387
8409,8388
8410,8389
8411,8390
8412,8390
8413,8390
8414,8391
8415,8392
8416,8394
8417,8395
8418,8395
8419,8396
8420,8397
8421,8398
8422,8398
8423,8398
8424,8398
8425,8399
8426,8400
8427,8400
8428,8400
8429,8403
8430,8403
8431,8405
8432,8405
8433,8405
8434,8406
8435,8406
8436,8406
8437,8408
8438,8408
8439,8408
8440,8411
8441,8413
8442,8414
8443,8415
8444,8416
8445,8417
8446,8418
8447,8418
8448,8419
8449,8420
8450,8421
8451,8422
8452,8424
8453,8424
8454,8425
8455,8428
8456,8429
8457,8430
8458,8431
8459,8433
8460,8435
8461,8435
8462,8437
8463,8438
8464,8439
8465,8439
8466,8445
8467,8447
8468,8449
8469,8451
8470,8451
8471,8453
8472,8454
8473,8455
8474,8455
8475,8456
8476,8456
8477,8457
8478,8457
8479,8457
8480,8459
8481,8460
8482,8461
8483,8462
8484,8462
8485,8463
8486,8464
8487,8464
8488,8464
8489,8464
8490,8467
8491,8468
8492,8469
8493,8469
8494,8470
8495,8470
8496,8471
8497,8473
8498,8473
8499,8475
8500,8476
8501,8477
8502,8478
8503,8478
8504,8478
8505,8479
8506,8480
8507,8481
8508,8481
8509,8483
8510,8485
8511,8485
8512,8486
8513,8488
8514,8489
8515,8489
8516,8490
8517,8490
8518,8490
8519,8492
8520,8492
8521,8493
8522,8493
8523,8494
8524,8496
8525,8496
8526,8497
8527,8498
8528,8499
8529,8501
8530,8502
8531,8503
8532,8504
8533,8504
8534,8504
8535,8507
8536,8508
8537,8508
8538,8508
8539,8510
8540,8511
8541,8512
8542,8513
8543,8513
8544,8513
8545,8513
8546,8513
8547,8514
8548,8515
8549,8515
8550,8517
8551,8518
8552,8518
8553,8518
8554,8519
8555,8521
8556,8524
8557,8525
8558,8525
8559,8526
8560,8526
8561,8529
8562,8529
8563,8532
8564,8534
8565,8535
8566,8539
8567,8539
8568,8540
8569,8540
8570,8541
8571,8542
8572,8544
8573,8545
8574,8547
8575,8548
8576,8549
8577,8549
8578,8549
8579,8549
8580,8550
8581,8550
8582,8550
8583,8552
8584,8552
8585,8554
8586,8554
8587,8555
8588,8556
8589,8557
8590,8557
8591,8558
8592,8558
8593,8559
8594,8559
8595,8559
8596,8561
8597,8561
8598,8561
8599,8562
8600,8562
8601,8563
8602,8565
8603,8569
8604,8569
8605,8569
8606,8571
8607,8571
8608,8572
8609,8574
8610,8575
8611,8575
8612,8576
8613,8577
8614,8577
8615,8578
8616,8579
8617,8580
8618,8583
8619,8583
8620,8584
8621,8585
8622,8587
8623,8587
8624,8587
8625,8589
8626,8590
8627,8590
8628,8591
8629,8592
8630,8594
8631,8595
8632,8595
8633,8595
8634,8597
8635,8598
8636,8598
8637,8599
8638,8599
8639,8601
8640,8604
8641,8604
8642,8605
8643,8605
8644,8606
8645,8606
8646,8606
8647,8607
8648,8607
8649,8608
8650,8609
8651,8612
8652,8614
8653,8614
8654,8615
8655,8618
8656,8618
8657,8619
8658,8620
8659,8623
8660,8624
8661,8624
8662,8625
8663,8628
8664,8629
8665,8630
8666,8632
8667,8632
8668,8632
8669,8633
8670,8633
8671,8634
8672,8634
8673,8636
8674,8636
8675,8638
8676,8638
8677,8638
8678,8639
8679,8640
8680,8642
8681,8646
8682,8647
8683,8647
8684,8647
8685,8648
8686,8649
8687,8651
8688,8652
8689,8652
8690,8654
8691,8656
8692,8656
8693,8657
8694,8658
8695,8658
8696,8659
8697,8660
8698,8660
8699,8666
8700,8666
8701,8667
8702,8668
8703,8669
8704,8670
8705,8672
8706,8673
8707,8677
8708,8677
8709,8677
8710,8679
8711,8679
8712,8680
8713,8683
8714,8683
8715,8684
8716,8684
8717,8685
8718,8685
8719,8688
8720,8691
8721,8691
8722,8691
8723,8693
8724,8693
8725,8693
8726,8695
8727,8696
8728,8696
8729,8697
8730,8698
8731,8700
8732,8701
8733,8702
8734,8703
8735,8703
8736,8704
8737,8704
8738,8705
8739,8705
8740,8709
8741,8709
8742,8709
8743,8710
8744,8710
8745,8711
8746,8713
8747,8714
8748,8715
8749,8716
8750,8716
8751,8719
8752,8719
8753,8721
8754,8723
8755,8724
8756,8724
8757,8725
8758,8725
8759,8728
8760,8729
8761,8729
8762,8729
8763,8730
8764,8730
8765,8731
8766,8732
8767,8732
8768,8732
8769,8732
8770,8733
8771,8734
8772,8736
8773,8737
8774,8737
8775,8742
8776,8742
8777,8742
8778,8743
8779,8743
8780,8744
8781,8744
8782,8744
8783,8746
8784,8747
8785,8749
8786,8750
8787,8751
8788,8753
8789,8753
8790,8755
8791,8757
8792,8758
8793,8758
8794,8759
8795,8761
8796,8764
8797,8764
8798,8764
8799,8766
8800,8766
8801,8767
8802,8767
8803,8768
8804,8768
8805,8769
8806,8769
8807,8770
8808,8771
8809,8772
8810,8772
8811,8773
8812,8773
8813,8773
8814,8773
8815,8773
8816,8774
8817,8775
8818,8778
8819,8778
8820,8778
8821,8780
8822,8782
8823,8784
8824,8785
8825,8786
8826,8788
8827,8789
8828,8791
8829,8795
8830,8797
8831,8798
8832,8799
8833,8800
8834,8802
8835,8805
8836,8806
8837,8807
8838,8808
8839,8809
8840,8811
8841,8811
8842,8811
8843,8815
8844,8816
8845,8816
8846,8817
8847,8818
8848,8818
8849,8819
8850,8819
8851,8819
8852,8819
8853,8820
8854,8821
8855,8822
8856,8822
8857,8823
8858,8823
8859,8823
8860,8824
8861,8825
8862,8826
8863,8827
8864,8831
8865,8831
8866,8832
8867,8832
8868,8833
8869,8833
8870,8835
8871,8837
8872,8837
8873,8841
8874,8841
8875,8843
8876,8845
8877,8845
8878,8849
8879,8852
8880,8852
8881,8852
8882,8853
8883,8853
8884,8854
8885,8855
8886,8857
8887,8858
8888,8860
8889,8862
8890,8862
8891,8863
8892,8864
8893,8868
8894,8868
8895,8875
8896,8876
8897,8876
8898,8877
8899,8877
8900,8878
8901,8878
8902,8880
8903,8880
8904,8881
8905,8881
8906,8882
8907,8882
8908,8883
8909,8884
8910,8887
8911,8887
8912,8888
8913,8889
8914,8889
8915,8891
8916,8892
8917,8892
8918,8894
8919,8895
8920,8899
8921,8899
8922,8899
8923,8899
8924,8900
8925,8901
8926,8901
8927,8902
8928,8903
8929,8904
8930,8904
8931,8904
8932,8904
8933,8906
8934,8908
8935,8909
8936,8911
8937,8914
8938,8915
8939,8916
8940,8917
8941,8917
8942,8918
8943,8920
8944,8920
8945,8921
8946,8922
8947,8922
8948,8925
8949,8925
8950,8925
8951,8926
8952,8926
8953,8927
8954,8927
8955,8928
8956,8930
8957,8930
8958,8931
8959,8931
8960,8932
8961,8932
8962,8933
8963,8933
8964,8936
8965,8937
8966,8938
8967,8938
8968,8940
8969,8941
8970,8942
8971,8945
8972,8946
8973,8947
8974,8948
8975,8949
8976,8953
8977,8954
8978,8955
8979,8956
8980,8957
8981,8957
8982,8957
8983,8958
8984,8959
8985,8959
8986,8960
8987,8962
8988,8962
8989,8962
8990,8964
8991,8966
8992,8969
8993,8970
8994,8971
8995,8972
8996,8975
8997,8975
8998,8976
8999,8976
9000,8977
9001,8978
9002,8978
9003,8979
9004,8980
9005,8980
9006,8982
9007,8983
9008,8986
9009,8987
9010,8988
9011,8989
9012,8990
9013,8992
9014,8992
9015,8993
9016,8994
9017,8995
9018,8995
9019,8996
9020,8996
9021,9001
9022,9002
9023,9002
9024,9004
9025,9006
9026,9007
9027,9007
9028,9008
9029,9008
9030,9009
9031,9009
9032,9009
9033,9010
9034,9013
9035,9015
9036,9015
9037,9016
9038,9017
9039,9017
9040,9020
9041,9020
9042,9021
9043,9021
9044,9022
9045,9022
9046,9022
9047,9023
9048,9024
9049,9025
9050,9025
9051,9025
9052,9026
9053,9026
9054,9031
9055,9031
9056,9031
9057,9031
9058,9032
9059,9033
9060,9033
9061,9033
9062,9034
9063,9034
9064,9037
9065,9039
9066,9039
9067,9043
9068,9044
9069,9044
9070,9045
9071,9045
9072,9045
9073,9048
9074,9049
9075,9051
9076,9054
9077,9057
9078,9059
9079,9059
9080,9061
9081,9062
9082,9062
9083,9067
9084,9067
9085,9067
9086,9067
9087,9068
9088,9069
9089,9069
9090,9069
9091,9069
9092,9070
9093,9070
9094,9070
9095,9070
9096,9070
9097,9070
9098,9070
9099,9071
9100,9071
9101,9073
9102,9074
9103,9074
9104,9075
9105,9076
9106,9077
9107,9078
9108,9079
9109,9080
9110,9080
9111,9081
9112,9082
9113,9085
9114,9086
9115,9086
9116,9087
9117,9088
9118,9089
9119,9091
9120,9093
9121,9093
9122,9093
9123,9094
9124,9094
9125,9096
9126,9096
9127,9097
9128,9097
9129,9098
9130,9098
9131,9098
9132,9100
9133,9101
9134,9101
9135,9103
9136,9105
9137,9106
9138,9106
9139,9106
9140,9107
9141,9108
9142,9114
9143,9115
9144,9115
9145,9116
9146,9117
9147,9121
9148,9125
9149,9126
9150,9127
9151,9128
9152,9129
9153,9130
9154,9130
9155,9131
9156,9132
9157,9132
9158,9132
9159,9133
9160,9134
9161,9134
9162,9135
9163,9136
9164,9136
9165,9137
9166,9139
9167,9140
9168,9141
9169,9143
9170,9143
9171,9145
9172,9145
9173,9146
9174,9146
9175,9146
9176,9148
9177,9148
9178,9151
9179,9152
9180,9153
9181,9154
9182,9155
9183,9156
9184,9156
9185,9156
9186,9156
9187,9157
9188,9159
9189,9161
9190,9162
9191,9162
9192,9163
9193,9164
9194,9166
9195,9167
9196,9169
9197,9170
9198,9171
9199,9171
9200,9172
9201,9173
9202,9174
9203,9174
9204,9174
9205,9175
9206,9175
9207,9176
9208,9177
9209,9177
9210,9178
9211,9178
9212,9179
9213,9180
9214,9181
9215,9181
9216,9182
9217,9182
9218,9182
9219,9183
9220,9183
9221,9184
9222,9186
9223,9187
9224,9187
9225,9189
9226,9190
9227,9195
9228,9195
9229,9196
9230,9196
9231,9196
9232,9197
9233,9198
9234,9198
9235,9199
9236,9199
9237,9200
9238,9202
9239,9202
9240,9202
9241,9206
9242,9207
9243,9212
9244,9212
9245,9214
9246,9214
9247,9214
9248,9215
9249,9216
9250,9216
9251,9218
9252,9219
9253,9219
9254,9221
9255,9222
9256,9223
9257,9224
9258,9227
9259,9229
9260,9233
9261,9235
9262,9238
9263,9238
9264,9239
9265,9241
9266,9243
9267,9244
9268,9244
9269,9247
9270,9250
9271,9250
9272,9250
9273,9254
9274,9259
9275,9260
9276,9261
9277,9264
9278,9264
9279,9265
9280,9266
9281,9267
9282,9267
9283,9268
9284,9269
9285,9270
9286,9272
9287,9273
9288,9273
9289,9274
9290,9275
9291,9276
9292,9276
9293,9279
9294,9279
9295,9283
9296,9284
9297,9284
9298,9285
9299,9286
9300,9287
9301,9290
9302,9290
9303,9292
9304,9293
9305,9294
9306,9294
9307,9295
9308,9296
9309,9296
9310,9297
9311,9297
9312,9298
9313,9301
9314,9305
9315,9305
9316,9306
9317,9307
9318,9307
9319,9311
9320,9312
9321,9313
9322,9313
9323,9313
9324,9316
9325,9317
9326,9317
9327,9319
9328,9321
9329,9322
9330,9322
9331,9322
9332,9323
9333,9323
9334,9324
9335,9329
9336,9330
9337,9331
9338,9333
9339,9333
9340,9335
9341,9336
9342,9337
9343,9338
9344,9340
9345,9341
9346,9341
9347,9342
9348,9344
9349,9346
9350,9349
9351,9350
9352,9351
9353,9351
9354,9352
9355,9353
9356,9353
9357,9353
9358,9353
9359,9356
9360,9356
9361,9356
9362,9357
9363,9357
9364,9361
9365,9361
9366,9361
9367,9362
9368,9364
9369,9364
9370,9364
9371,9365
9372,9368
9373,9368
9374,9370
9375,9370
9376,9370
9377,9371
9378,9372
9379,9373
9380,9374
9381,9376
9382,9379
9383,9379
9384,9379
9385,9380
9386,9381
9387,9382
9388,9382
9389,9383
9390,9384
9391,9386
9392,9387
9393,9387
9394,9389
9395,9392
9396,9393
9397,9395
9398,9397
9399,9397
9400,9398
9401,9400
9402,9402
9403,9402
9404,9403
9405,9403
9406,9404
9407,9406
9408,9408
9409,9408
9410,9409
9411,9409
9412,9411
9413,9411
9414,9413
9415,9413
9416,9413
9417,9413
9418,9414
9419,9414
9420,9415
9421,9416
9422,9417
9423,9419
9424,9421
9425,9422
9426,9422
9427,9424
9428,9425
9429,9426
9430,9426
9431,9427
9432,9428
9433,9428
9434,9431
9435,9431
9436,9432
9437,9433
9438,9436
9439,9438
9440,9439
9441,9440
9442,9441
9443,9441
9444,9442
9445,9443
9446,9443
9447,9444
9448,9444
9449,9444
9450,9445
9451,9446
9452,9446
9453,9446
9454,9446
9455,9446
9456,9447
9457,9448
9458,9449
9459,9449
9460,9451
9461,9453
9462,9454
9463,9454
9464,9457
9465,9459
9466,9459
9467,9463
9468,9463
9469,9464
9470,9466
9471,9467
9472,9468
9473,9469
9474,9470
9475,9470
9476,9472
9477,9472
9478,9473
9479,9474
9480,9476
9481,9476
9482,9477
9483,9478
9484,9478
9485,9479
9486,9481
9487,9482
9488,9482
9489,9482
9490,9483
9491,9485
9492,9486
9493,9487
9494,9487
9495,9488
9496,9488
9497,9490
9498,9492
9499,9493
9500,9493
9501,9494
9502,9494
9503,9495
9504,9495
9505,9496
9506,9500
9507,9503
9508,9505
9509,9507
9510,9509
9511,9510
9512,9513
9513,9513
9514,9513
9515,9514
9516,9514
9517,9515
9518,9517
9519,9519
9520,9522
9521,9525
9522,9525
9523,9525
9524,9526
9525,9529
9526,9529
9527,9530
9528,9533
9529,9533
9530,9534
9531,9534
9532,9537
9533,9538
9534,9538
9535,9540
9536,9542
9537,9542
9538,9543
9539,9544
9540,9545
9541,9546
9542,9546
9543,9548
9544,9548
9545,9549
9546,9551
9547,9552
9548,9552
9549,9553
9550,9554
9551,9554
9552,9555
9553,9555
9554,9556
9555,9556
9556,9557
9557,9557
9558,9558
9559,9558
9560,9558
9561,9559
9562,9559
9563,9559
9564,9562
9565,9564
9566,9566
9567,9566
9568,9568
9569,9570
9570,9577
9571,9578
9572,9578
9573,9583
9574,9584
9575,9585
9576,9587
9577,9588
9578,9590
9579,9590
9580,9590
9581,9591
9582,9592
9583,9594
9584,9594
9585,9594
9586,9595
9587,9596
9588,9596
9589,9597
9590,9600
9591,9601
9592,9601
9593,9602
9594,9603
9595,9603
9596,9604
9597,9604
9598,9606
9599,9607
9600,9607
9601,9610
9602,9610
9603,9611
9604,9611
9605,9611
9606,9613
9607,9614
9608,9615
9609,9615
9610,9616
9611,9617
9612,9617
9613,9617
9614,9618
9615,9620
9616,9620
9617,9621
9618,9621
9619,9622
9620,9622
9621,9622
9622,9623
9623,9624
9624,9624
9625,9625
9626,9627
9627,9627
9628,9628
9629,9628
9630,9629
9631,9630
9632,9631
9633,9631
9634,9635
9635,9636
9636,9638
9637,9638
9638,9639
9639,9640
9640,9643
9641,9647
9642,9648
9643,9649
9644,9650
9645,9650
9646,9652
9647,9653
9648,9653
9649,9656
9650,9656
9651,9658
9652,9658
9653,9658
9654,9659
9655,9661
9656,9663
9657,9665
9658,9665
9659,9666
9660,9667
9661,9667
9662,9667
9663,9669
9664,9673
9665,9674
9666,9675
9667,9675
9668,9675
9669,9676
9670,9676
9671,9677
9672,9677
9673,9678
9674,9678
9675,9679
9676,9679
9677,9679
9678,9680
9679,9680
9680,9680
9681,9681
9682,9682
9683,9683
9684,9685
9685,9685
9686,9688
9687,9688
9688,9689
9689,9690
9690,9692
9691,9694
9692,9694
9693,9694
9694,9697
9695,9700
9696,9706
9697,9707
9698,9708
9699,9708
9700,9709
9701,9710
9702,9712
9703,9713
9704,9713
9705,9714
9706,9714
9707,9715
9708,9715
9709,9716
9710,9718
9711,9718
9712,9720
9713,9722
9714,9723
9715,9724
9716,9724
9717,9726
9718,9726
9719,9727
9720,9727
9721,9728
9722,9729
9723,9730
9724,9731
9725,9732
9726,9733
9727,9734
9728,9739
9729,9739
9730,9741
9731,9742
9732,9742
9733,9743
9734,9744
9735,9746
9736,9746
9737,9748
9738,9749
9739,9752
9740,9752
9741,9752
9742,9754
9743,9755
9744,9757
9745,9757
9746,9759
9747,9760
9748,9761
9749,9762
9750,9763
9751,9764
9752,9764
9753,9765
9754,9765
9755,9765
9756,9765
9757,9765
9758,9765
9759,9766
9760,9767
9761,9767
9762,9767
9763,9768
9764,9768
9765,9770
9766,9770
9767,9770
9768,9773
9769,9773
9770,9775
9771,9776
9772,9777
9773,9779
9774,9782
9775,9785
9776,9787
9777,9787
9778,9788
9779,9788
9780,9789
9781,9790
9782,9793
9783,9794
9784,9796
9785,9796
9786,9797
9787,9797
9788,9797
9789,9798
9790,9798
9791,9800
9792,9800
9793,9803
9794,9807
9795,9809
9796,9809
9797,9810
9798,9812
9799,9813
9800,9813
9801,9816
9802,9817
9803,9818
9804,9818
9805,9818
9806,9818
9807,9818
9808,9818
9809,9819
9810,9820
9811,9820
9812,9822
9813,9823
9814,9823
9815,9824
9816,9825
9817,9826
9818,9826
9819,9826
9820,9827
9821,9827
9822,9827
9823,9828
9824,9829
9825,9829
9826,9829
9827,9830
9828,9831
9829,9831
9830,9832
9831,9832
9832,9833
9833,9837
9834,9837
9835,9841
9836,9843
9837,9843
9838,9843
9839,9844
9840,9844
9841,9848
9842,9850
9843,9851
9844,9851
9845,9852
9846,9853
9847,9853
9848,9853
9849,9856
9850,9856
9851,9856
9852,9856
9853,9857
9854,9857
9855,9858
9856,9859
9857,9860
9858,9861
9859,9862
9860,9862
9861,9863
9862,9866
9863,9867
9864,9867
9865,9871
9866,9871
9867,9872
9868,9872
9869,9873
9870,9874
9871,9874
9872,9875
9873,9875
9874,9875
9875,9876
9876,9876
9877,9878
9878,9879
9879,9880
9880,9882
9881,9884
9882,9884
9883,9884
9884,9884
9885,9885
9886,9885
9887,9887
9888,9888
9889,9889
9890,9889
9891,9890
9892,9890
9893,9891
9894,9891
9895,9892
9896,9893
9897,9893
9898,9894
9899,9895
9900,9897
9901,9898
9902,9898
9903,9899
9904,9899
9905,9900
9906,9900
9907,9902
9908,9903
9909,9903
9910,9903
9911,9903
9912,9905
9913,9906
9914,9908
9915,9908
9916,9909
9917,9909
9918,9909
9919,9910
9920,9912
9921,9912
9922,9913
9923,9914
9924,9914
9925,9915
9926,9916
9927,9920
9928,9920
9929,9923
9930,9927
9931,9927
9932,9929
9933,9932
9934,9934
9935,9935
9936,9935
9937,9935
9938,9936
9939,9938
9940,9940
9941,9944
9942,9946
9943,9947
9944,9947
9945,9948
9946,9948
9947,9949
9948,9949
9949,9950
9950,9951
9951,9952
9952,9952
9953,9953
9954,9954
9955,9954
9956,9956
9957,9963
9958,9963
9959,9965
9960,9966
9961,9967
9962,9967
9963,9968
9964,9968
9965,9970
9966,9971
9967,9972
9968,9973
9969,9975
9970,9976
9971,9976
9972,9977
9973,9978
9974,9979
9975,9979
9976,9979
9977,9979
9978,9980
9979,9980
9980,9981
9981,9982
9982,9985
9983,9985
9984,9987
9985,9987
9986,9991
9987,9991
9988,9992
9989,9994
9990,9994
9991,9997
9992,9998
9993,9998
9994,9998
9995,9999
9996,9999
9997,10001
9998,10001
