size,abb
0,1
1,1
2,2
3,2
4,2
5,2
6,3
7,3
8,3
9,3
10,3
11,4
12,4
13,4
14,4
15,4
16,4
17,5
18,5
19,5
20,5
21,5
22,5
23,5
24,5
25,6
26,6
27,6
28,6
29,6
30,6
31,6
32,6
33,6
34,7
35,7
36,7
37,7
38,7
39,7
40,7
41,7
42,7
43,7
44,8
45,8
46,8
47,8
48,8
49,8
50,8
51,8
52,8
53,8
54,9
55,9
56,9
57,9
58,9
59,9
60,9
61,9
62,9
63,9
64,10
65,10
66,10
67,10
68,10
69,10
70,10
71,10
72,10
73,10
74,10
75,10
76,11
77,11
78,11
79,11
80,11
81,11
82,11
83,11
84,11
85,11
86,11
87,11
88,12
89,12
90,12
91,12
92,12
93,12
94,12
95,12
96,12
97,12
98,12
99,12
100,12
101,12
102,13
103,13
104,13
105,13
106,13
107,13
108,13
109,13
110,13
111,13
112,13
113,13
114,13
115,13
116,13
117,14
118,14
119,14
120,14
121,14
122,14
123,14
124,14
125,14
126,14
127,14
128,14
129,14
130,14
131,14
132,15
133,15
134,15
135,15
136,15
137,15
138,15
139,15
140,15
141,15
142,15
143,15
144,15
145,15
146,15
147,16
148,16
149,16
150,16
151,16
152,16
153,16
154,16
155,16
156,16
157,16
158,16
159,16
160,16
161,16
162,16
163,17
164,17
165,17
166,17
167,17
168,17
169,17
170,17
171,17
172,17
173,17
174,17
175,17
176,17
177,17
178,17
179,18
180,18
181,18
182,18
183,18
184,18
185,18
186,18
187,18
188,18
189,18
190,18
191,18
192,18
193,18
194,18
195,18
196,18
197,19
198,19
199,19
200,19
201,19
202,19
203,19
204,19
205,19
206,19
207,19
208,19
209,19
210,19
211,19
212,19
213,19
214,19
215,19
216,20
217,20
218,20
219,20
220,20
221,20
222,20
223,20
224,20
225,20
226,20
227,20
228,20
229,20
230,20
231,20
232,20
233,20
234,20
235,21
236,21
237,21
238,21
239,21
240,21
241,21
242,21
243,21
244,21
245,21
246,21
247,21
248,21
249,21
250,21
251,21
252,21
253,21
254,21
255,21
256,22
257,22
258,22
259,22
260,22
261,22
262,22
263,22
264,22
265,22
266,22
267,22
268,22
269,22
270,22
271,22
272,22
273,22
274,22
275,22
276,22
277,22
278,23
279,23
280,23
281,23
282,23
283,23
284,23
285,23
286,23
287,23
288,23
289,23
290,23
291,23
292,23
293,23
294,23
295,23
296,23
297,23
298,23
299,23
300,23
301,24
302,24
303,24
304,24
305,24
306,24
307,24
308,24
309,24
310,24
311,24
312,24
313,24
314,24
315,24
316,24
317,24
318,24
319,24
320,24
321,24
322,24
323,24
324,24
325,25
326,25
327,25
328,25
329,25
330,25
331,25
332,25
333,25
334,25
335,25
336,25
337,25
338,25
339,25
340,25
341,25
342,25
343,25
344,25
345,25
346,25
347,25
348,25
349,25
350,26
351,26
352,26
353,26
354,26
355,26
356,26
357,26
358,26
359,26
360,26
361,26
362,26
363,26
364,26
365,26
366,26
367,26
368,26
369,26
370,26
371,26
372,26
373,26
374,26
375,26
376,27
377,27
378,27
379,27
380,27
381,27
382,27
383,27
384,27
385,27
386,27
387,27
388,27
389,27
390,27
391,27
392,27
393,27
394,27
395,27
396,27
397,27
398,27
399,27
400,27
401,27
402,28
403,28
404,28
405,28
406,28
407,28
408,28
409,28
410,28
411,28
412,28
413,28
414,28
415,28
416,28
417,28
418,28
419,28
420,28
421,28
422,28
423,28
424,28
425,28
426,28
427,28
428,29
429,29
430,29
431,29
432,29
433,29
434,29
435,29
436,29
437,29
438,29
439,29
440,29
441,29
442,29
443,29
444,29
445,29
446,29
447,29
448,29
449,29
450,29
451,29
452,29
453,29
454,30
455,30
456,30
457,30
458,30
459,30
460,30
461,30
462,30
463,30
464,30
465,30
466,30
467,30
468,30
469,30
470,30
471,30
472,30
473,30
474,30
475,30
476,30
477,30
478,30
479,30
480,31
481,31
482,31
483,31
484,31
485,31
486,31
487,31
488,31
489,31
490,31
491,31
492,31
493,31
494,31
495,31
496,31
497,31
498,31
499,31
500,31
501,31
502,31
503,31
504,31
505,31
506,32
507,32
508,32
509,32
510,32
511,32
512,32
513,32
514,32
515,32
516,32
517,32
518,32
519,32
520,32
521,32
522,32
523,32
524,32
525,32
526,32
527,32
528,32
529,32
530,32
531,32
532,32
533,33
534,33
535,33
536,33
537,33
538,33
539,33
540,33
541,33
542,33
543,33
544,33
545,33
546,33
547,33
548,33
549,33
550,33
551,33
552,33
553,33
554,33
555,33
556,33
557,33
558,33
559,33
560,33
561,33
562,34
563,34
564,34
565,34
566,34
567,34
568,34
569,34
570,34
571,34
572,34
573,34
574,34
575,34
576,34
577,34
578,34
579,34
580,34
581,34
582,34
583,34
584,34
585,34
586,34
587,34
588,34
589,34
590,34
591,35
592,35
593,35
594,35
595,35
596,35
597,35
598,35
599,35
600,35
601,35
602,35
603,35
604,35
605,35
606,35
607,35
608,35
609,35
610,35
611,35
612,35
613,35
614,35
615,35
616,35
617,35
618,35
619,36
620,36
621,36
622,36
623,36
624,36
625,36
626,36
627,36
628,36
629,36
630,36
631,36
632,36
633,36
634,36
635,36
636,36
637,36
638,36
639,36
640,36
641,36
642,36
643,36
644,36
645,36
646,36
647,36
648,37
649,37
650,37
651,37
652,37
653,37
654,37
655,37
656,37
657,37
658,37
659,37
660,37
661,37
662,37
663,37
664,37
665,37
666,37
667,37
668,37
669,37
670,37
671,37
672,37
673,37
674,37
675,37
676,37
677,38
678,38
679,38
680,38
681,38
682,38
683,38
684,38
685,38
686,38
687,38
688,38
689,38
690,38
691,38
692,38
693,38
694,38
695,38
696,38
697,38
698,38
699,38
700,38
701,38
702,38
703,38
704,38
705,38
706,39
707,39
708,39
709,39
710,39
711,39
712,39
713,39
714,39
715,39
716,39
717,39
718,39
719,39
720,39
721,39
722,39
723,39
724,39
725,39
726,39
727,39
728,39
729,39
730,39
731,39
732,39
733,39
734,39
735,39
736,39
737,40
738,40
739,40
740,40
741,40
742,40
743,40
744,40
745,40
746,40
747,40
748,40
749,40
750,40
751,40
752,40
753,40
754,40
755,40
756,40
757,40
758,40
759,40
760,40
761,40
762,40
763,40
764,40
765,40
766,40
767,40
768,41
769,41
770,41
771,41
772,41
773,41
774,41
775,41
776,41
777,41
778,41
779,41
780,41
781,41
782,41
783,41
784,41
785,41
786,41
787,41
788,41
789,41
790,41
791,41
792,41
793,41
794,41
795,41
796,41
797,41
798,41
799,42
800,42
801,42
802,42
803,42
804,42
805,42
806,42
807,42
808,42
809,42
810,42
811,42
812,42
813,42
814,42
815,42
816,42
817,42
818,42
819,42
820,42
821,42
822,42
823,42
824,42
825,42
826,42
827,42
828,42
829,42
830,43
831,43
832,43
833,43
834,43
835,43
836,43
837,43
838,43
839,43
840,43
841,43
842,43
843,43
844,43
845,43
846,43
847,43
848,43
849,43
850,43
851,43
852,43
853,43
854,43
855,43
856,43
857,43
858,43
859,43
860,43
861,44
862,44
863,44
864,44
865,44
866,44
867,44
868,44
869,44
870,44
871,44
872,44
873,44
874,44
875,44
876,44
877,44
878,44
879,44
880,44
881,44
882,44
883,44
884,44
885,44
886,44
887,44
888,44
889,44
890,44
891,44
892,45
893,45
894,45
895,45
896,45
897,45
898,45
899,45
900,45
901,45
902,45
903,45
904,45
905,45
906,45
907,45
908,45
909,45
910,45
911,45
912,45
913,45
914,45
915,45
916,45
917,45
918,45
919,45
920,45
921,45
922,45
923,45
924,46
925,46
926,46
927,46
928,46
929,46
930,46
931,46
932,46
933,46
934,46
935,46
936,46
937,46
938,46
939,46
940,46
941,46
942,46
943,46
944,46
945,46
946,46
947,46
948,46
949,46
950,46
951,46
952,46
953,46
954,46
955,46
956,46
957,46
958,47
959,47
960,47
961,47
962,47
963,47
964,47
965,47
966,47
967,47
968,47
969,47
970,47
971,47
972,47
973,47
974,47
975,47
976,47
977,47
978,47
979,47
980,47
981,47
982,47
983,47
984,47
985,47
986,47
987,47
988,47
989,47
990,47
991,47
992,48
993,48
994,48
995,48
996,48
997,48
998,48
999,48
1000,48
1001,48
1002,48
1003,48
1004,48
1005,48
1006,48
1007,48
1008,48
1009,48
1010,48
1011,48
1012,48
1013,48
1014,48
1015,48
1016,48
1017,48
1018,48
1019,48
1020,48
1021,48
1022,48
1023,48
1024,48
1025,48
1026,48
1027,49
1028,49
1029,49
1030,49
1031,49
1032,49
1033,49
1034,49
1035,49
1036,49
1037,49
1038,49
1039,49
1040,49
1041,49
1042,49
1043,49
1044,49
1045,49
1046,49
1047,49
1048,49
1049,49
1050,49
1051,49
1052,49
1053,49
1054,49
1055,49
1056,49
1057,49
1058,49
1059,49
1060,49
1061,49
1062,50
1063,50
1064,50
1065,50
1066,50
1067,50
1068,50
1069,50
1070,50
1071,50
1072,50
1073,50
1074,50
1075,50
1076,50
1077,50
1078,50
1079,50
1080,50
1081,50
1082,50
1083,50
1084,50
1085,50
1086,50
1087,50
1088,50
1089,50
1090,50
1091,50
1092,50
1093,50
1094,50
1095,50
1096,50
1097,50
1098,51
1099,51
1100,51
1101,51
1102,51
1103,51
1104,51
1105,51
1106,51
1107,51
1108,51
1109,51
1110,51
1111,51
1112,51
1113,51
1114,51
1115,51
1116,51
1117,51
1118,51
1119,51
1120,51
1121,51
1122,51
1123,51
1124,51
1125,51
1126,51
1127,51
1128,51
1129,51
1130,51
1131,51
1132,51
1133,51
1134,51
1135,51
1136,52
1137,52
1138,52
1139,52
1140,52
1141,52
1142,52
1143,52
1144,52
1145,52
1146,52
1147,52
1148,52
1149,52
1150,52
1151,52
1152,52
1153,52
1154,52
1155,52
1156,52
1157,52
1158,52
1159,52
1160,52
1161,52
1162,52
1163,52
1164,52
1165,52
1166,52
1167,52
1168,52
1169,52
1170,52
1171,52
1172,52
1173,52
1174,52
1175,53
1176,53
1177,53
1178,53
1179,53
1180,53
1181,53
1182,53
1183,53
1184,53
1185,53
1186,53
1187,53
1188,53
1189,53
1190,53
1191,53
1192,53
1193,53
1194,53
1195,53
1196,53
1197,53
1198,53
1199,53
1200,53
1201,53
1202,53
1203,53
1204,53
1205,53
1206,53
1207,53
1208,53
1209,53
1210,53
1211,53
1212,53
1213,53
1214,54
1215,54
1216,54
1217,54
1218,54
1219,54
1220,54
1221,54
1222,54
1223,54
1224,54
1225,54
1226,54
1227,54
1228,54
1229,54
1230,54
1231,54
1232,54
1233,54
1234,54
1235,54
1236,54
1237,54
1238,54
1239,54
1240,54
1241,54
1242,54
1243,54
1244,54
1245,54
1246,54
1247,54
1248,54
1249,54
1250,54
1251,54
1252,54
1253,55
1254,55
1255,55
1256,55
1257,55
1258,55
1259,55
1260,55
1261,55
1262,55
1263,55
1264,55
1265,55
1266,55
1267,55
1268,55
1269,55
1270,55
1271,55
1272,55
1273,55
1274,55
1275,55
1276,55
1277,55
1278,55
1279,55
1280,55
1281,55
1282,55
1283,55
1284,55
1285,55
1286,55
1287,55
1288,55
1289,55
1290,55
1291,55
1292,56
1293,56
1294,56
1295,56
1296,56
1297,56
1298,56
1299,56
1300,56
1301,56
1302,56
1303,56
1304,56
1305,56
1306,56
1307,56
1308,56
1309,56
1310,56
1311,56
1312,56
1313,56
1314,56
1315,56
1316,56
1317,56
1318,56
1319,56
1320,56
1321,56
1322,56
1323,56
1324,56
1325,56
1326,56
1327,56
1328,56
1329,56
1330,56
1331,56
1332,56
1333,57
1334,57
1335,57
1336,57
1337,57
1338,57
1339,57
1340,57
1341,57
1342,57
1343,57
1344,57
1345,57
1346,57
1347,57
1348,57
1349,57
1350,57
1351,57
1352,57
1353,57
1354,57
1355,57
1356,57
1357,57
1358,57
1359,57
1360,57
1361,57
1362,57
1363,57
1364,57
1365,57
1366,57
1367,57
1368,57
1369,57
1370,57
1371,57
1372,57
1373,57
1374,58
1375,58
1376,58
1377,58
1378,58
1379,58
1380,58
1381,58
1382,58
1383,58
1384,58
1385,58
1386,58
1387,58
1388,58
1389,58
1390,58
1391,58
1392,58
1393,58
1394,58
1395,58
1396,58
1397,58
1398,58
1399,58
1400,58
1401,58
1402,58
1403,58
1404,58
1405,58
1406,58
1407,58
1408,58
1409,58
1410,58
1411,58
1412,58
1413,58
1414,58
1415,58
1416,59
1417,59
1418,59
1419,59
1420,59
1421,59
1422,59
1423,59
1424,59
1425,59
1426,59
1427,59
1428,59
1429,59
1430,59
1431,59
1432,59
1433,59
1434,59
1435,59
1436,59
1437,59
1438,59
1439,59
1440,59
1441,59
1442,59
1443,59
1444,59
1445,59
1446,59
1447,59
1448,59
1449,59
1450,59
1451,59
1452,59
1453,59
1454,59
1455,59
1456,59
1457,59
1458,59
1459,59
1460,60
1461,60
1462,60
1463,60
1464,60
1465,60
1466,60
1467,60
1468,60
1469,60
1470,60
1471,60
1472,60
1473,60
1474,60
1475,60
1476,60
1477,60
1478,60
1479,60
1480,60
1481,60
1482,60
1483,60
1484,60
1485,60
1486,60
1487,60
1488,60
1489,60
1490,60
1491,60
1492,60
1493,60
1494,60
1495,60
1496,60
1497,60
1498,60
1499,60
1500,60
1501,60
1502,60
1503,60
1504,60
1505,61
1506,61
1507,61
1508,61
1509,61
1510,61
1511,61
1512,61
1513,61
1514,61
1515,61
1516,61
1517,61
1518,61
1519,61
1520,61
1521,61
1522,61
1523,61
1524,61
1525,61
1526,61
1527,61
1528,61
1529,61
1530,61
1531,61
1532,61
1533,61
1534,61
1535,61
1536,61
1537,61
1538,61
1539,61
1540,61
1541,61
1542,61
1543,61
1544,61
1545,61
1546,61
1547,61
1548,61
1549,61
1550,62
1551,62
1552,62
1553,62
1554,62
1555,62
1556,62
1557,62
1558,62
1559,62
1560,62
1561,62
1562,62
1563,62
1564,62
1565,62
1566,62
1567,62
1568,62
1569,62
1570,62
1571,62
1572,62
1573,62
1574,62
1575,62
1576,62
1577,62
1578,62
1579,62
1580,62
1581,62
1582,62
1583,62
1584,62
1585,62
1586,62
1587,62
1588,62
1589,62
1590,62
1591,62
1592,62
1593,62
1594,62
1595,63
1596,63
1597,63
1598,63
1599,63
1600,63
1601,63
1602,63
1603,63
1604,63
1605,63
1606,63
1607,63
1608,63
1609,63
1610,63
1611,63
1612,63
1613,63
1614,63
1615,63
1616,63
1617,63
1618,63
1619,63
1620,63
1621,63
1622,63
1623,63
1624,63
1625,63
1626,63
1627,63
1628,63
1629,63
1630,63
1631,63
1632,63
1633,63
1634,63
1635,63
1636,63
1637,63
1638,63
1639,63
1640,63
1641,64
1642,64
1643,64
1644,64
1645,64
1646,64
1647,64
1648,64
1649,64
1650,64
1651,64
1652,64
1653,64
1654,64
1655,64
1656,64
1657,64
1658,64
1659,64
1660,64
1661,64
1662,64
1663,64
1664,64
1665,64
1666,64
1667,64
1668,64
1669,64
1670,64
1671,64
1672,64
1673,64
1674,64
1675,64
1676,64
1677,64
1678,64
1679,64
1680,64
1681,64
1682,64
1683,64
1684,64
1685,64
1686,64
1687,64
1688,65
1689,65
1690,65
1691,65
1692,65
1693,65
1694,65
1695,65
1696,65
1697,65
1698,65
1699,65
1700,65
1701,65
1702,65
1703,65
1704,65
1705,65
1706,65
1707,65
1708,65
1709,65
1710,65
1711,65
1712,65
1713,65
1714,65
1715,65
1716,65
1717,65
1718,65
1719,65
1720,65
1721,65
1722,65
1723,65
1724,65
1725,65
1726,65
1727,65
1728,65
1729,65
1730,65
1731,65
1732,65
1733,65
1734,66
1735,66
1736,66
1737,66
1738,66
1739,66
1740,66
1741,66
1742,66
1743,66
1744,66
1745,66
1746,66
1747,66
1748,66
1749,66
1750,66
1751,66
1752,66
1753,66
1754,66
1755,66
1756,66
1757,66
1758,66
1759,66
1760,66
1761,66
1762,66
1763,66
1764,66
1765,66
1766,66
1767,66
1768,66
1769,66
1770,66
1771,66
1772,66
1773,66
1774,66
1775,66
1776,66
1777,66
1778,66
1779,66
1780,66
1781,67
1782,67
1783,67
1784,67
1785,67
1786,67
1787,67
1788,67
1789,67
1790,67
1791,67
1792,67
1793,67
1794,67
1795,67
1796,67
1797,67
1798,67
1799,67
1800,67
1801,67
1802,67
1803,67
1804,67
1805,67
1806,67
1807,67
1808,67
1809,67
1810,67
1811,67
1812,67
1813,67
1814,67
1815,67
1816,67
1817,67
1818,67
1819,67
1820,67
1821,67
1822,67
1823,67
1824,67
1825,67
1826,67
1827,67
1828,68
1829,68
1830,68
1831,68
1832,68
1833,68
1834,68
1835,68
1836,68
1837,68
1838,68
1839,68
1840,68
1841,68
1842,68
1843,68
1844,68
1845,68
1846,68
1847,68
1848,68
1849,68
1850,68
1851,68
1852,68
1853,68
1854,68
1855,68
1856,68
1857,68
1858,68
1859,68
1860,68
1861,68
1862,68
1863,68
1864,68
1865,68
1866,68
1867,68
1868,68
1869,68
1870,68
1871,68
1872,68
1873,68
1874,68
1875,68
1876,69
1877,69
1878,69
1879,69
1880,69
1881,69
1882,69
1883,69
1884,69
1885,69
1886,69
1887,69
1888,69
1889,69
1890,69
1891,69
1892,69
1893,69
1894,69
1895,69
1896,69
1897,69
1898,69
1899,69
1900,69
1901,69
1902,69
1903,69
1904,69
1905,69
1906,69
1907,69
1908,69
1909,69
1910,69
1911,69
1912,69
1913,69
1914,69
1915,69
1916,69
1917,69
1918,69
1919,69
1920,69
1921,69
1922,69
1923,69
1924,69
1925,70
1926,70
1927,70
1928,70
1929,70
1930,70
1931,70
1932,70
1933,70
1934,70
1935,70
1936,70
1937,70
1938,70
1939,70
1940,70
1941,70
1942,70
1943,70
1944,70
1945,70
1946,70
1947,70
1948,70
1949,70
1950,70
1951,70
1952,70
1953,70
1954,70
1955,70
1956,70
1957,70
1958,70
1959,70
1960,70
1961,70
1962,70
1963,70
1964,70
1965,70
1966,70
1967,70
1968,70
1969,70
1970,70
1971,70
1972,70
1973,70
1974,70
1975,71
1976,71
1977,71
1978,71
1979,71
1980,71
1981,71
1982,71
1983,71
1984,71
1985,71
1986,71
1987,71
1988,71
1989,71
1990,71
1991,71
1992,71
1993,71
1994,71
1995,71
1996,71
1997,71
1998,71
1999,71
2000,71
2001,71
2002,71
2003,71
2004,71
2005,71
2006,71
2007,71
2008,71
2009,71
2010,71
2011,71
2012,71
2013,71
2014,71
2015,71
2016,71
2017,71
2018,71
2019,71
2020,71
2021,71
2022,71
2023,71
2024,71
2025,71
2026,72
2027,72
2028,72
2029,72
2030,72
2031,72
2032,72
2033,72
2034,72
2035,72
2036,72
2037,72
2038,72
2039,72
2040,72
2041,72
2042,72
2043,72
2044,72
2045,72
2046,72
2047,72
2048,72
2049,72
2050,72
2051,72
2052,72
2053,72
2054,72
2055,72
2056,72
2057,72
2058,72
2059,72
2060,72
2061,72
2062,72
2063,72
2064,72
2065,72
2066,72
2067,72
2068,72
2069,72
2070,72
2071,72
2072,72
2073,72
2074,72
2075,72
2076,72
2077,73
2078,73
2079,73
2080,73
2081,73
2082,73
2083,73
2084,73
2085,73
2086,73
2087,73
2088,73
2089,73
2090,73
2091,73
2092,73
2093,73
2094,73
2095,73
2096,73
2097,73
2098,73
2099,73
2100,73
2101,73
2102,73
2103,73
2104,73
2105,73
2106,73
2107,73
2108,73
2109,73
2110,73
2111,73
2112,73
2113,73
2114,73
2115,73
2116,73
2117,73
2118,73
2119,73
2120,73
2121,73
2122,73
2123,73
2124,73
2125,73
2126,73
2127,73
2128,73
2129,73
2130,73
2131,74
2132,74
2133,74
2134,74
2135,74
2136,74
2137,74
2138,74
2139,74
2140,74
2141,74
2142,74
2143,74
2144,74
2145,74
2146,74
2147,74
2148,74
2149,74
2150,74
2151,74
2152,74
2153,74
2154,74
2155,74
2156,74
2157,74
2158,74
2159,74
2160,74
2161,74
2162,74
2163,74
2164,74
2165,74
2166,74
2167,74
2168,74
2169,74
2170,74
2171,74
2172,74
2173,74
2174,74
2175,74
2176,74
2177,74
2178,74
2179,74
2180,74
2181,74
2182,74
2183,74
2184,74
2185,74
2186,75
2187,75
2188,75
2189,75
2190,75
2191,75
2192,75
2193,75
2194,75
2195,75
2196,75
2197,75
2198,75
2199,75
2200,75
2201,75
2202,75
2203,75
2204,75
2205,75
2206,75
2207,75
2208,75
2209,75
2210,75
2211,75
2212,75
2213,75
2214,75
2215,75
2216,75
2217,75
2218,75
2219,75
2220,75
2221,75
2222,75
2223,75
2224,75
2225,75
2226,75
2227,75
2228,75
2229,75
2230,75
2231,75
2232,75
2233,75
2234,75
2235,75
2236,75
2237,75
2238,75
2239,75
2240,75
2241,75
2242,76
2243,76
2244,76
2245,76
2246,76
2247,76
2248,76
2249,76
2250,76
2251,76
2252,76
2253,76
2254,76
2255,76
2256,76
2257,76
2258,76
2259,76
2260,76
2261,76
2262,76
2263,76
2264,76
2265,76
2266,76
2267,76
2268,76
2269,76
2270,76
2271,76
2272,76
2273,76
2274,76
2275,76
2276,76
2277,76
2278,76
2279,76
2280,76
2281,76
2282,76
2283,76
2284,76
2285,76
2286,76
2287,76
2288,76
2289,76
2290,76
2291,76
2292,76
2293,76
2294,76
2295,76
2296,76
2297,76
2298,77
2299,77
2300,77
2301,77
2302,77
2303,77
2304,77
2305,77
2306,77
2307,77
2308,77
2309,77
2310,77
2311,77
2312,77
2313,77
2314,77
2315,77
2316,77
2317,77
2318,77
2319,77
2320,77
2321,77
2322,77
2323,77
2324,77
2325,77
2326,77
2327,77
2328,77
2329,77
2330,77
2331,77
2332,77
2333,77
2334,77
2335,77
2336,77
2337,77
2338,77
2339,77
2340,77
2341,77
2342,77
2343,77
2344,77
2345,77
2346,77
2347,77
2348,77
2349,77
2350,77
2351,78
2352,78
2353,78
2354,78
2355,78
2356,78
2357,78
2358,78
2359,78
2360,78
2361,78
2362,78
2363,78
2364,78
2365,78
2366,78
2367,78
2368,78
2369,78
2370,78
2371,78
2372,78
2373,78
2374,78
2375,78
2376,78
2377,78
2378,78
2379,78
2380,78
2381,78
2382,78
2383,78
2384,78
2385,78
2386,78
2387,78
2388,78
2389,78
2390,78
2391,78
2392,78
2393,78
2394,78
2395,78
2396,78
2397,78
2398,78
2399,78
2400,78
2401,78
2402,78
2403,78
2404,79
2405,79
2406,79
2407,79
2408,79
2409,79
2410,79
2411,79
2412,79
2413,79
2414,79
2415,79
2416,79
2417,79
2418,79
2419,79
2420,79
2421,79
2422,79
2423,79
2424,79
2425,79
2426,79
2427,79
2428,79
2429,79
2430,79
2431,79
2432,79
2433,79
2434,79
2435,79
2436,79
2437,79
2438,79
2439,79
2440,79
2441,79
2442,79
2443,79
2444,79
2445,79
2446,79
2447,79
2448,79
2449,79
2450,79
2451,79
2452,79
2453,79
2454,79
2455,79
2456,79
2457,79
2458,80
2459,80
2460,80
2461,80
2462,80
2463,80
2464,80
2465,80
2466,80
2467,80
2468,80
2469,80
2470,80
2471,80
2472,80
2473,80
2474,80
2475,80
2476,80
2477,80
2478,80
2479,80
2480,80
2481,80
2482,80
2483,80
2484,80
2485,80
2486,80
2487,80
2488,80
2489,80
2490,80
2491,80
2492,80
2493,80
2494,80
2495,80
2496,80
2497,80
2498,80
2499,80
2500,80
2501,80
2502,80
2503,80
2504,80
2505,80
2506,80
2507,80
2508,80
2509,80
2510,80
2511,80
2512,80
2513,80
2514,81
2515,81
2516,81
2517,81
2518,81
2519,81
2520,81
2521,81
2522,81
2523,81
2524,81
2525,81
2526,81
2527,81
2528,81
2529,81
2530,81
2531,81
2532,81
2533,81
2534,81
2535,81
2536,81
2537,81
2538,81
2539,81
2540,81
2541,81
2542,81
2543,81
2544,81
2545,81
2546,81
2547,81
2548,81
2549,81
2550,81
2551,81
2552,81
2553,81
2554,81
2555,81
2556,81
2557,81
2558,81
2559,81
2560,81
2561,81
2562,81
2563,81
2564,81
2565,81
2566,81
2567,81
2568,81
2569,81
2570,81
2571,81
2572,81
2573,82
2574,82
2575,82
2576,82
2577,82
2578,82
2579,82
2580,82
2581,82
2582,82
2583,82
2584,82
2585,82
2586,82
2587,82
2588,82
2589,82
2590,82
2591,82
2592,82
2593,82
2594,82
2595,82
2596,82
2597,82
2598,82
2599,82
2600,82
2601,82
2602,82
2603,82
2604,82
2605,82
2606,82
2607,82
2608,82
2609,82
2610,82
2611,82
2612,82
2613,82
2614,82
2615,82
2616,82
2617,82
2618,82
2619,82
2620,82
2621,82
2622,82
2623,82
2624,82
2625,82
2626,82
2627,82
2628,82
2629,82
2630,82
2631,82
2632,83
2633,83
2634,83
2635,83
2636,83
2637,83
2638,83
2639,83
2640,83
2641,83
2642,83
2643,83
2644,83
2645,83
2646,83
2647,83
2648,83
2649,83
2650,83
2651,83
2652,83
2653,83
2654,83
2655,83
2656,83
2657,83
2658,83
2659,83
2660,83
2661,83
2662,83
2663,83
2664,83
2665,83
2666,83
2667,83
2668,83
2669,83
2670,83
2671,83
2672,83
2673,83
2674,83
2675,83
2676,83
2677,83
2678,83
2679,83
2680,83
2681,83
2682,83
2683,83
2684,83
2685,83
2686,83
2687,83
2688,83
2689,83
2690,84
2691,84
2692,84
2693,84
2694,84
2695,84
2696,84
2697,84
2698,84
2699,84
2700,84
2701,84
2702,84
2703,84
2704,84
2705,84
2706,84
2707,84
2708,84
2709,84
2710,84
2711,84
2712,84
2713,84
2714,84
2715,84
2716,84
2717,84
2718,84
2719,84
2720,84
2721,84
2722,84
2723,84
2724,84
2725,84
2726,84
2727,84
2728,84
2729,84
2730,84
2731,84
2732,84
2733,84
2734,84
2735,84
2736,84
2737,84
2738,84
2739,84
2740,84
2741,84
2742,84
2743,84
2744,84
2745,84
2746,84
2747,84
2748,84
2749,84
2750,85
2751,85
2752,85
2753,85
2754,85
2755,85
2756,85
2757,85
2758,85
2759,85
2760,85
2761,85
2762,85
2763,85
2764,85
2765,85
2766,85
2767,85
2768,85
2769,85
2770,85
2771,85
2772,85
2773,85
2774,85
2775,85
2776,85
2777,85
2778,85
2779,85
2780,85
2781,85
2782,85
2783,85
2784,85
2785,85
2786,85
2787,85
2788,85
2789,85
2790,85
2791,85
2792,85
2793,85
2794,85
2795,85
2796,85
2797,85
2798,85
2799,85
2800,85
2801,85
2802,85
2803,85
2804,85
2805,85
2806,85
2807,85
2808,85
2809,86
2810,86
2811,86
2812,86
2813,86
2814,86
2815,86
2816,86
2817,86
2818,86
2819,86
2820,86
2821,86
2822,86
2823,86
2824,86
2825,86
2826,86
2827,86
2828,86
2829,86
2830,86
2831,86
2832,86
2833,86
2834,86
2835,86
2836,86
2837,86
2838,86
2839,86
2840,86
2841,86
2842,86
2843,86
2844,86
2845,86
2846,86
2847,86
2848,86
2849,86
2850,86
2851,86
2852,86
2853,86
2854,86
2855,86
2856,86
2857,86
2858,86
2859,86
2860,86
2861,86
2862,86
2863,86
2864,86
2865,86
2866,86
2867,86
2868,87
2869,87
2870,87
2871,87
2872,87
2873,87
2874,87
2875,87
2876,87
2877,87
2878,87
2879,87
2880,87
2881,87
2882,87
2883,87
2884,87
2885,87
2886,87
2887,87
2888,87
2889,87
2890,87
2891,87
2892,87
2893,87
2894,87
2895,87
2896,87
2897,87
2898,87
2899,87
2900,87
2901,87
2902,87
2903,87
2904,87
2905,87
2906,87
2907,87
2908,87
2909,87
2910,87
2911,87
2912,87
2913,87
2914,87
2915,87
2916,87
2917,87
2918,87
2919,87
2920,87
2921,87
2922,87
2923,87
2924,87
2925,87
2926,87
2927,88
2928,88
2929,88
2930,88
2931,88
2932,88
2933,88
2934,88
2935,88
2936,88
2937,88
2938,88
2939,88
2940,88
2941,88
2942,88
2943,88
2944,88
2945,88
2946,88
2947,88
2948,88
2949,88
2950,88
2951,88
2952,88
2953,88
2954,88
2955,88
2956,88
2957,88
2958,88
2959,88
2960,88
2961,88
2962,88
2963,88
2964,88
2965,88
2966,88
2967,88
2968,88
2969,88
2970,88
2971,88
2972,88
2973,88
2974,88
2975,88
2976,88
2977,88
2978,88
2979,88
2980,88
2981,88
2982,88
2983,88
2984,88
2985,88
2986,89
2987,89
2988,89
2989,89
2990,89
2991,89
2992,89
2993,89
2994,89
2995,89
2996,89
2997,89
2998,89
2999,89
3000,89
3001,89
3002,89
3003,89
3004,89
3005,89
3006,89
3007,89
3008,89
3009,89
3010,89
3011,89
3012,89
3013,89
3014,89
3015,89
3016,89
3017,89
3018,89
3019,89
3020,89
3021,89
3022,89
3023,89
3024,89
3025,89
3026,89
3027,89
3028,89
3029,89
3030,89
3031,89
3032,89
3033,89
3034,89
3035,89
3036,89
3037,89
3038,89
3039,89
3040,89
3041,89
3042,89
3043,89
3044,90
3045,90
3046,90
3047,90
3048,90
3049,90
3050,90
3051,90
3052,90
3053,90
3054,90
3055,90
3056,90
3057,90
3058,90
3059,90
3060,90
3061,90
3062,90
3063,90
3064,90
3065,90
3066,90
3067,90
3068,90
3069,90
3070,90
3071,90
3072,90
3073,90
3074,90
3075,90
3076,90
3077,90
3078,90
3079,90
3080,90
3081,90
3082,90
3083,90
3084,90
3085,90
3086,90
3087,90
3088,90
3089,90
3090,90
3091,90
3092,90
3093,90
3094,90
3095,90
3096,90
3097,90
3098,90
3099,90
3100,90
3101,90
3102,90
3103,91
3104,91
3105,91
3106,91
3107,91
3108,91
3109,91
3110,91
3111,91
3112,91
3113,91
3114,91
3115,91
3116,91
3117,91
3118,91
3119,91
3120,91
3121,91
3122,91
3123,91
3124,91
3125,91
3126,91
3127,91
3128,91
3129,91
3130,91
3131,91
3132,91
3133,91
3134,91
3135,91
3136,91
3137,91
3138,91
3139,91
3140,91
3141,91
3142,91
3143,91
3144,91
3145,91
3146,91
3147,91
3148,91
3149,91
3150,91
3151,91
3152,91
3153,91
3154,91
3155,91
3156,91
3157,91
3158,91
3159,91
3160,91
3161,91
3162,91
3163,92
3164,92
3165,92
3166,92
3167,92
3168,92
3169,92
3170,92
3171,92
3172,92
3173,92
3174,92
3175,92
3176,92
3177,92
3178,92
3179,92
3180,92
3181,92
3182,92
3183,92
3184,92
3185,92
3186,92
3187,92
3188,92
3189,92
3190,92
3191,92
3192,92
3193,92
3194,92
3195,92
3196,92
3197,92
3198,92
3199,92
3200,92
3201,92
3202,92
3203,92
3204,92
3205,92
3206,92
3207,92
3208,92
3209,92
3210,92
3211,92
3212,92
3213,92
3214,92
3215,92
3216,92
3217,92
3218,92
3219,92
3220,92
3221,92
3222,92
3223,93
3224,93
3225,93
3226,93
3227,93
3228,93
3229,93
3230,93
3231,93
3232,93
3233,93
3234,93
3235,93
3236,93
3237,93
3238,93
3239,93
3240,93
3241,93
3242,93
3243,93
3244,93
3245,93
3246,93
3247,93
3248,93
3249,93
3250,93
3251,93
3252,93
3253,93
3254,93
3255,93
3256,93
3257,93
3258,93
3259,93
3260,93
3261,93
3262,93
3263,93
3264,93
3265,93
3266,93
3267,93
3268,93
3269,93
3270,93
3271,93
3272,93
3273,93
3274,93
3275,93
3276,93
3277,93
3278,93
3279,93
3280,93
3281,94
3282,94
3283,94
3284,94
3285,94
3286,94
3287,94
3288,94
3289,94
3290,94
3291,94
3292,94
3293,94
3294,94
3295,94
3296,94
3297,94
3298,94
3299,94
3300,94
3301,94
3302,94
3303,94
3304,94
3305,94
3306,94
3307,94
3308,94
3309,94
3310,94
3311,94
3312,94
3313,94
3314,94
3315,94
3316,94
3317,94
3318,94
3319,94
3320,94
3321,94
3322,94
3323,94
3324,94
3325,94
3326,94
3327,94
3328,94
3329,94
3330,94
3331,94
3332,94
3333,94
3334,94
3335,94
3336,94
3337,94
3338,94
3339,95
3340,95
3341,95
3342,95
3343,95
3344,95
3345,95
3346,95
3347,95
3348,95
3349,95
3350,95
3351,95
3352,95
3353,95
3354,95
3355,95
3356,95
3357,95
3358,95
3359,95
3360,95
3361,95
3362,95
3363,95
3364,95
3365,95
3366,95
3367,95
3368,95
3369,95
3370,95
3371,95
3372,95
3373,95
3374,95
3375,95
3376,95
3377,95
3378,95
3379,95
3380,95
3381,95
3382,95
3383,95
3384,95
3385,95
3386,95
3387,95
3388,95
3389,95
3390,95
3391,95
3392,95
3393,95
3394,95
3395,95
3396,95
3397,95
3398,95
3399,96
3400,96
3401,96
3402,96
3403,96
3404,96
3405,96
3406,96
3407,96
3408,96
3409,96
3410,96
3411,96
3412,96
3413,96
3414,96
3415,96
3416,96
3417,96
3418,96
3419,96
3420,96
3421,96
3422,96
3423,96
3424,96
3425,96
3426,96
3427,96
3428,96
3429,96
3430,96
3431,96
3432,96
3433,96
3434,96
3435,96
3436,96
3437,96
3438,96
3439,96
3440,96
3441,96
3442,96
3443,96
3444,96
3445,96
3446,96
3447,96
3448,96
3449,96
3450,96
3451,96
3452,96
3453,96
3454,96
3455,96
3456,96
3457,96
3458,96
3459,97
3460,97
3461,97
3462,97
3463,97
3464,97
3465,97
3466,97
3467,97
3468,97
3469,97
3470,97
3471,97
3472,97
3473,97
3474,97
3475,97
3476,97
3477,97
3478,97
3479,97
3480,97
3481,97
3482,97
3483,97
3484,97
3485,97
3486,97
3487,97
3488,97
3489,97
3490,97
3491,97
3492,97
3493,97
3494,97
3495,97
3496,97
3497,97
3498,97
3499,97
3500,97
3501,97
3502,97
3503,97
3504,97
3505,97
3506,97
3507,97
3508,97
3509,97
3510,97
3511,97
3512,97
3513,97
3514,97
3515,97
3516,97
3517,97
3518,97
3519,98
3520,98
3521,98
3522,98
3523,98
3524,98
3525,98
3526,98
3527,98
3528,98
3529,98
3530,98
3531,98
3532,98
3533,98
3534,98
3535,98
3536,98
3537,98
3538,98
3539,98
3540,98
3541,98
3542,98
3543,98
3544,98
3545,98
3546,98
3547,98
3548,98
3549,98
3550,98
3551,98
3552,98
3553,98
3554,98
3555,98
3556,98
3557,98
3558,98
3559,98
3560,98
3561,98
3562,98
3563,98
3564,98
3565,98
3566,98
3567,98
3568,98
3569,98
3570,98
3571,98
3572,98
3573,98
3574,98
3575,98
3576,98
3577,98
3578,98
3579,98
3580,99
3581,99
3582,99
3583,99
3584,99
3585,99
3586,99
3587,99
3588,99
3589,99
3590,99
3591,99
3592,99
3593,99
3594,99
3595,99
3596,99
3597,99
3598,99
3599,99
3600,99
3601,99
3602,99
3603,99
3604,99
3605,99
3606,99
3607,99
3608,99
3609,99
3610,99
3611,99
3612,99
3613,99
3614,99
3615,99
3616,99
3617,99
3618,99
3619,99
3620,99
3621,99
3622,99
3623,99
3624,99
3625,99
3626,99
3627,99
3628,99
3629,99
3630,99
3631,99
3632,99
3633,99
3634,99
3635,99
3636,99
3637,99
3638,99
3639,99
3640,99
3641,99
3642,100
3643,100
3644,100
3645,100
3646,100
3647,100
3648,100
3649,100
3650,100
3651,100
3652,100
3653,100
3654,100
3655,100
3656,100
3657,100
3658,100
3659,100
3660,100
3661,100
3662,100
3663,100
3664,100
3665,100
3666,100
3667,100
3668,100
3669,100
3670,100
3671,100
3672,100
3673,100
3674,100
3675,100
3676,100
3677,100
3678,100
3679,100
3680,100
3681,100
3682,100
3683,100
3684,100
3685,100
3686,100
3687,100
3688,100
3689,100
3690,100
3691,100
3692,100
3693,100
3694,100
3695,100
3696,100
3697,100
3698,100
3699,100
3700,100
3701,100
3702,100
3703,101
3704,101
3705,101
3706,101
3707,101
3708,101
3709,101
3710,101
3711,101
3712,101
3713,101
3714,101
3715,101
3716,101
3717,101
3718,101
3719,101
3720,101
3721,101
3722,101
3723,101
3724,101
3725,101
3726,101
3727,101
3728,101
3729,101
3730,101
3731,101
3732,101
3733,101
3734,101
3735,101
3736,101
3737,101
3738,101
3739,101
3740,101
3741,101
3742,101
3743,101
3744,101
3745,101
3746,101
3747,101
3748,101
3749,101
3750,101
3751,101
3752,101
3753,101
3754,101
3755,101
3756,101
3757,101
3758,101
3759,101
3760,101
3761,101
3762,101
3763,101
3764,102
3765,102
3766,102
3767,102
3768,102
3769,102
3770,102
3771,102
3772,102
3773,102
3774,102
3775,102
3776,102
3777,102
3778,102
3779,102
3780,102
3781,102
3782,102
3783,102
3784,102
3785,102
3786,102
3787,102
3788,102
3789,102
3790,102
3791,102
3792,102
3793,102
3794,102
3795,102
3796,102
3797,102
3798,102
3799,102
3800,102
3801,102
3802,102
3803,102
3804,102
3805,102
3806,102
3807,102
3808,102
3809,102
3810,102
3811,102
3812,102
3813,102
3814,102
3815,102
3816,102
3817,102
3818,102
3819,102
3820,102
3821,102
3822,102
3823,102
3824,102
3825,103
3826,103
3827,103
3828,103
3829,103
3830,103
3831,103
3832,103
3833,103
3834,103
3835,103
3836,103
3837,103
3838,103
3839,103
3840,103
3841,103
3842,103
3843,103
3844,103
3845,103
3846,103
3847,103
3848,103
3849,103
3850,103
3851,103
3852,103
3853,103
3854,103
3855,103
3856,103
3857,103
3858,103
3859,103
3860,103
3861,103
3862,103
3863,103
3864,103
3865,103
3866,103
3867,103
3868,103
3869,103
3870,103
3871,103
3872,103
3873,103
3874,103
3875,103
3876,103
3877,103
3878,103
3879,103
3880,103
3881,103
3882,103
3883,103
3884,103
3885,103
3886,103
3887,103
3888,104
3889,104
3890,104
3891,104
3892,104
3893,104
3894,104
3895,104
3896,104
3897,104
3898,104
3899,104
3900,104
3901,104
3902,104
3903,104
3904,104
3905,104
3906,104
3907,104
3908,104
3909,104
3910,104
3911,104
3912,104
3913,104
3914,104
3915,104
3916,104
3917,104
3918,104
3919,104
3920,104
3921,104
3922,104
3923,104
3924,104
3925,104
3926,104
3927,104
3928,104
3929,104
3930,104
3931,104
3932,104
3933,104
3934,104
3935,104
3936,104
3937,104
3938,104
3939,104
3940,104
3941,104
3942,104
3943,104
3944,104
3945,104
3946,104
3947,104
3948,104
3949,104
3950,104
3951,105
3952,105
3953,105
3954,105
3955,105
3956,105
3957,105
3958,105
3959,105
3960,105
3961,105
3962,105
3963,105
3964,105
3965,105
3966,105
3967,105
3968,105
3969,105
3970,105
3971,105
3972,105
3973,105
3974,105
3975,105
3976,105
3977,105
3978,105
3979,105
3980,105
3981,105
3982,105
3983,105
3984,105
3985,105
3986,105
3987,105
3988,105
3989,105
3990,105
3991,105
3992,105
3993,105
3994,105
3995,105
3996,105
3997,105
3998,105
3999,105
4000,105
4001,105
4002,105
4003,105
4004,105
4005,105
4006,105
4007,105
4008,105
4009,105
4010,105
4011,106
4012,106
4013,106
4014,106
4015,106
4016,106
4017,106
4018,106
4019,106
4020,106
4021,106
4022,106
4023,106
4024,106
4025,106
4026,106
4027,106
4028,106
4029,106
4030,106
4031,106
4032,106
4033,106
4034,106
4035,106
4036,106
4037,106
4038,106
4039,106
4040,106
4041,106
4042,106
4043,106
4044,106
4045,106
4046,106
4047,106
4048,106
4049,106
4050,106
4051,106
4052,106
4053,106
4054,106
4055,106
4056,106
4057,106
4058,106
4059,106
4060,106
4061,106
4062,106
4063,106
4064,106
4065,106
4066,106
4067,106
4068,106
4069,106
4070,106
4071,107
4072,107
4073,107
4074,107
4075,107
4076,107
4077,107
4078,107
4079,107
4080,107
4081,107
4082,107
4083,107
4084,107
4085,107
4086,107
4087,107
4088,107
4089,107
4090,107
4091,107
4092,107
4093,107
4094,107
4095,107
4096,107
4097,107
4098,107
4099,107
4100,107
4101,107
4102,107
4103,107
4104,107
4105,107
4106,107
4107,107
4108,107
4109,107
4110,107
4111,107
4112,107
4113,107
4114,107
4115,107
4116,107
4117,107
4118,107
4119,107
4120,107
4121,107
4122,107
4123,107
4124,107
4125,107
4126,107
4127,107
4128,107
4129,107
4130,108
4131,108
4132,108
4133,108
4134,108
4135,108
4136,108
4137,108
4138,108
4139,108
4140,108
4141,108
4142,108
4143,108
4144,108
4145,108
4146,108
4147,108
4148,108
4149,108
4150,108
4151,108
4152,108
4153,108
4154,108
4155,108
4156,108
4157,108
4158,108
4159,108
4160,108
4161,108
4162,108
4163,108
4164,108
4165,108
4166,108
4167,108
4168,108
4169,108
4170,108
4171,108
4172,108
4173,108
4174,108
4175,108
4176,108
4177,108
4178,108
4179,108
4180,108
4181,108
4182,108
4183,108
4184,108
4185,108
4186,108
4187,108
4188,108
4189,109
4190,109
4191,109
4192,109
4193,109
4194,109
4195,109
4196,109
4197,109
4198,109
4199,109
4200,109
4201,109
4202,109
4203,109
4204,109
4205,109
4206,109
4207,109
4208,109
4209,109
4210,109
4211,109
4212,109
4213,109
4214,109
4215,109
4216,109
4217,109
4218,109
4219,109
4220,109
4221,109
4222,109
4223,109
4224,109
4225,109
4226,109
4227,109
4228,109
4229,109
4230,109
4231,109
4232,109
4233,109
4234,109
4235,109
4236,109
4237,109
4238,109
4239,109
4240,109
4241,109
4242,109
4243,109
4244,109
4245,109
4246,109
4247,109
4248,109
4249,110
4250,110
4251,110
4252,110
4253,110
4254,110
4255,110
4256,110
4257,110
4258,110
4259,110
4260,110
4261,110
4262,110
4263,110
4264,110
4265,110
4266,110
4267,110
4268,110
4269,110
4270,110
4271,110
4272,110
4273,110
4274,110
4275,110
4276,110
4277,110
4278,110
4279,110
4280,110
4281,110
4282,110
4283,110
4284,110
4285,110
4286,110
4287,110
4288,110
4289,110
4290,110
4291,110
4292,110
4293,110
4294,110
4295,110
4296,110
4297,110
4298,110
4299,110
4300,110
4301,110
4302,110
4303,110
4304,110
4305,110
4306,110
4307,110
4308,110
4309,111
4310,111
4311,111
4312,111
4313,111
4314,111
4315,111
4316,111
4317,111
4318,111
4319,111
4320,111
4321,111
4322,111
4323,111
4324,111
4325,111
4326,111
4327,111
4328,111
4329,111
4330,111
4331,111
4332,111
4333,111
4334,111
4335,111
4336,111
4337,111
4338,111
4339,111
4340,111
4341,111
4342,111
4343,111
4344,111
4345,111
4346,111
4347,111
4348,111
4349,111
4350,111
4351,111
4352,111
4353,111
4354,111
4355,111
4356,111
4357,111
4358,111
4359,111
4360,111
4361,111
4362,111
4363,111
4364,111
4365,111
4366,111
4367,111
4368,111
4369,112
4370,112
4371,112
4372,112
4373,112
4374,112
4375,112
4376,112
4377,112
4378,112
4379,112
4380,112
4381,112
4382,112
4383,112
4384,112
4385,112
4386,112
4387,112
4388,112
4389,112
4390,112
4391,112
4392,112
4393,112
4394,112
4395,112
4396,112
4397,112
4398,112
4399,112
4400,112
4401,112
4402,112
4403,112
4404,112
4405,112
4406,112
4407,112
4408,112
4409,112
4410,112
4411,112
4412,112
4413,112
4414,112
4415,112
4416,112
4417,112
4418,112
4419,112
4420,112
4421,112
4422,112
4423,112
4424,112
4425,112
4426,112
4427,112
4428,112
4429,113
4430,113
4431,113
4432,113
4433,113
4434,113
4435,113
4436,113
4437,113
4438,113
4439,113
4440,113
4441,113
4442,113
4443,113
4444,113
4445,113
4446,113
4447,113
4448,113
4449,113
4450,113
4451,113
4452,113
4453,113
4454,113
4455,113
4456,113
4457,113
4458,113
4459,113
4460,113
4461,113
4462,113
4463,113
4464,113
4465,113
4466,113
4467,113
4468,113
4469,113
4470,113
4471,113
4472,113
4473,113
4474,113
4475,113
4476,113
4477,113
4478,113
4479,113
4480,113
4481,113
4482,113
4483,113
4484,113
4485,113
4486,113
4487,113
4488,114
4489,114
4490,114
4491,114
4492,114
4493,114
4494,114
4495,114
4496,114
4497,114
4498,114
4499,114
4500,114
4501,114
4502,114
4503,114
4504,114
4505,114
4506,114
4507,114
4508,114
4509,114
4510,114
4511,114
4512,114
4513,114
4514,114
4515,114
4516,114
4517,114
4518,114
4519,114
4520,114
4521,114
4522,114
4523,114
4524,114
4525,114
4526,114
4527,114
4528,114
4529,114
4530,114
4531,114
4532,114
4533,114
4534,114
4535,114
4536,114
4537,114
4538,114
4539,114
4540,114
4541,114
4542,114
4543,114
4544,114
4545,114
4546,114
4547,114
4548,114
4549,115
4550,115
4551,115
4552,115
4553,115
4554,115
4555,115
4556,115
4557,115
4558,115
4559,115
4560,115
4561,115
4562,115
4563,115
4564,115
4565,115
4566,115
4567,115
4568,115
4569,115
4570,115
4571,115
4572,115
4573,115
4574,115
4575,115
4576,115
4577,115
4578,115
4579,115
4580,115
4581,115
4582,115
4583,115
4584,115
4585,115
4586,115
4587,115
4588,115
4589,115
4590,115
4591,115
4592,115
4593,115
4594,115
4595,115
4596,115
4597,115
4598,115
4599,115
4600,115
4601,115
4602,115
4603,115
4604,115
4605,115
4606,115
4607,115
4608,115
4609,115
4610,116
4611,116
4612,116
4613,116
4614,116
4615,116
4616,116
4617,116
4618,116
4619,116
4620,116
4621,116
4622,116
4623,116
4624,116
4625,116
4626,116
4627,116
4628,116
4629,116
4630,116
4631,116
4632,116
4633,116
4634,116
4635,116
4636,116
4637,116
4638,116
4639,116
4640,116
4641,116
4642,116
4643,116
4644,116
4645,116
4646,116
4647,116
4648,116
4649,116
4650,116
4651,116
4652,116
4653,116
4654,116
4655,116
4656,116
4657,116
4658,116
4659,116
4660,116
4661,116
4662,116
4663,116
4664,116
4665,116
4666,116
4667,116
4668,116
4669,116
4670,117
4671,117
4672,117
4673,117
4674,117
4675,117
4676,117
4677,117
4678,117
4679,117
4680,117
4681,117
4682,117
4683,117
4684,117
4685,117
4686,117
4687,117
4688,117
4689,117
4690,117
4691,117
4692,117
4693,117
4694,117
4695,117
4696,117
4697,117
4698,117
4699,117
4700,117
4701,117
4702,117
4703,117
4704,117
4705,117
4706,117
4707,117
4708,117
4709,117
4710,117
4711,117
4712,117
4713,117
4714,117
4715,117
4716,117
4717,117
4718,117
4719,117
4720,117
4721,117
4722,117
4723,117
4724,117
4725,117
4726,117
4727,117
4728,117
4729,118
4730,118
4731,118
4732,118
4733,118
4734,118
4735,118
4736,118
4737,118
4738,118
4739,118
4740,118
4741,118
4742,118
4743,118
4744,118
4745,118
4746,118
4747,118
4748,118
4749,118
4750,118
4751,118
4752,118
4753,118
4754,118
4755,118
4756,118
4757,118
4758,118
4759,118
4760,118
4761,118
4762,118
4763,118
4764,118
4765,118
4766,118
4767,118
4768,118
4769,118
4770,118
4771,118
4772,118
4773,118
4774,118
4775,118
4776,118
4777,118
4778,118
4779,118
4780,118
4781,118
4782,118
4783,118
4784,118
4785,118
4786,118
4787,119
4788,119
4789,119
4790,119
4791,119
4792,119
4793,119
4794,119
4795,119
4796,119
4797,119
4798,119
4799,119
4800,119
4801,119
4802,119
4803,119
4804,119
4805,119
4806,119
4807,119
4808,119
4809,119
4810,119
4811,119
4812,119
4813,119
4814,119
4815,119
4816,119
4817,119
4818,119
4819,119
4820,119
4821,119
4822,119
4823,119
4824,119
4825,119
4826,119
4827,119
4828,119
4829,119
4830,119
4831,119
4832,119
4833,119
4834,119
4835,119
4836,119
4837,119
4838,119
4839,119
4840,119
4841,119
4842,119
4843,119
4844,119
4845,120
4846,120
4847,120
4848,120
4849,120
4850,120
4851,120
4852,120
4853,120
4854,120
4855,120
4856,120
4857,120
4858,120
4859,120
4860,120
4861,120
4862,120
4863,120
4864,120
4865,120
4866,120
4867,120
4868,120
4869,120
4870,120
4871,120
4872,120
4873,120
4874,120
4875,120
4876,120
4877,120
4878,120
4879,120
4880,120
4881,120
4882,120
4883,120
4884,120
4885,120
4886,120
4887,120
4888,120
4889,120
4890,120
4891,120
4892,120
4893,120
4894,120
4895,120
4896,120
4897,120
4898,120
4899,120
4900,120
4901,120
4902,120
4903,120
4904,121
4905,121
4906,121
4907,121
4908,121
4909,121
4910,121
4911,121
4912,121
4913,121
4914,121
4915,121
4916,121
4917,121
4918,121
4919,121
4920,121
4921,121
4922,121
4923,121
4924,121
4925,121
4926,121
4927,121
4928,121
4929,121
4930,121
4931,121
4932,121
4933,121
4934,121
4935,121
4936,121
4937,121
4938,121
4939,121
4940,121
4941,121
4942,121
4943,121
4944,121
4945,121
4946,121
4947,121
4948,121
4949,121
4950,121
4951,121
4952,121
4953,121
4954,121
4955,121
4956,121
4957,121
4958,121
4959,121
4960,121
4961,121
4962,122
4963,122
4964,122
4965,122
4966,122
4967,122
4968,122
4969,122
4970,122
4971,122
4972,122
4973,122
4974,122
4975,122
4976,122
4977,122
4978,122
4979,122
4980,122
4981,122
4982,122
4983,122
4984,122
4985,122
4986,122
4987,122
4988,122
4989,122
4990,122
4991,122
4992,122
4993,122
4994,122
4995,122
4996,122
4997,122
4998,122
4999,122
5000,122
5001,122
5002,122
5003,122
5004,122
5005,122
5006,122
5007,122
5008,122
5009,122
5010,122
5011,122
5012,122
5013,122
5014,122
5015,122
5016,122
5017,122
5018,123
5019,123
5020,123
5021,123
5022,123
5023,123
5024,123
5025,123
5026,123
5027,123
5028,123
5029,123
5030,123
5031,123
5032,123
5033,123
5034,123
5035,123
5036,123
5037,123
5038,123
5039,123
5040,123
5041,123
5042,123
5043,123
5044,123
5045,123
5046,123
5047,123
5048,123
5049,123
5050,123
5051,123
5052,123
5053,123
5054,123
5055,123
5056,123
5057,123
5058,123
5059,123
5060,123
5061,123
5062,123
5063,123
5064,123
5065,123
5066,123
5067,123
5068,123
5069,123
5070,123
5071,123
5072,123
5073,123
5074,123
5075,124
5076,124
5077,124
5078,124
5079,124
5080,124
5081,124
5082,124
5083,124
5084,124
5085,124
5086,124
5087,124
5088,124
5089,124
5090,124
5091,124
5092,124
5093,124
5094,124
5095,124
5096,124
5097,124
5098,124
5099,124
5100,124
5101,124
5102,124
5103,124
5104,124
5105,124
5106,124
5107,124
5108,124
5109,124
5110,124
5111,124
5112,124
5113,124
5114,124
5115,124
5116,124
5117,124
5118,124
5119,124
5120,124
5121,124
5122,124
5123,124
5124,124
5125,124
5126,124
5127,124
5128,124
5129,124
5130,124
5131,124
5132,124
5133,125
5134,125
5135,125
5136,125
5137,125
5138,125
5139,125
5140,125
5141,125
5142,125
5143,125
5144,125
5145,125
5146,125
5147,125
5148,125
5149,125
5150,125
5151,125
5152,125
5153,125
5154,125
5155,125
5156,125
5157,125
5158,125
5159,125
5160,125
5161,125
5162,125
5163,125
5164,125
5165,125
5166,125
5167,125
5168,125
5169,125
5170,125
5171,125
5172,125
5173,125
5174,125
5175,125
5176,125
5177,125
5178,125
5179,125
5180,125
5181,125
5182,125
5183,125
5184,125
5185,125
5186,125
5187,125
5188,125
5189,126
5190,126
5191,126
5192,126
5193,126
5194,126
5195,126
5196,126
5197,126
5198,126
5199,126
5200,126
5201,126
5202,126
5203,126
5204,126
5205,126
5206,126
5207,126
5208,126
5209,126
5210,126
5211,126
5212,126
5213,126
5214,126
5215,126
5216,126
5217,126
5218,126
5219,126
5220,126
5221,126
5222,126
5223,126
5224,126
5225,126
5226,126
5227,126
5228,126
5229,126
5230,126
5231,126
5232,126
5233,126
5234,126
5235,126
5236,126
5237,126
5238,126
5239,126
5240,126
5241,126
5242,126
5243,126
5244,127
5245,127
5246,127
5247,127
5248,127
5249,127
5250,127
5251,127
5252,127
5253,127
5254,127
5255,127
5256,127
5257,127
5258,127
5259,127
5260,127
5261,127
5262,127
5263,127
5264,127
5265,127
5266,127
5267,127
5268,127
5269,127
5270,127
5271,127
5272,127
5273,127
5274,127
5275,127
5276,127
5277,127
5278,127
5279,127
5280,127
5281,127
5282,127
5283,127
5284,127
5285,127
5286,127
5287,127
5288,127
5289,127
5290,127
5291,127
5292,127
5293,127
5294,127
5295,127
5296,128
5297,128
5298,128
5299,128
5300,128
5301,128
5302,128
5303,128
5304,128
5305,128
5306,128
5307,128
5308,128
5309,128
5310,128
5311,128
5312,128
5313,128
5314,128
5315,128
5316,128
5317,128
5318,128
5319,128
5320,128
5321,128
5322,128
5323,128
5324,128
5325,128
5326,128
5327,128
5328,128
5329,128
5330,128
5331,128
5332,128
5333,128
5334,128
5335,128
5336,128
5337,128
5338,128
5339,128
5340,128
5341,128
5342,128
5343,128
5344,128
5345,128
5346,128
5347,129
5348,129
5349,129
5350,129
5351,129
5352,129
5353,129
5354,129
5355,129
5356,129
5357,129
5358,129
5359,129
5360,129
5361,129
5362,129
5363,129
5364,129
5365,129
5366,129
5367,129
5368,129
5369,129
5370,129
5371,129
5372,129
5373,129
5374,129
5375,129
5376,129
5377,129
5378,129
5379,129
5380,129
5381,129
5382,129
5383,129
5384,129
5385,129
5386,129
5387,129
5388,129
5389,129
5390,129
5391,129
5392,129
5393,129
5394,129
5395,129
5396,129
5397,129
5398,130
5399,130
5400,130
5401,130
5402,130
5403,130
5404,130
5405,130
5406,130
5407,130
5408,130
5409,130
5410,130
5411,130
5412,130
5413,130
5414,130
5415,130
5416,130
5417,130
5418,130
5419,130
5420,130
5421,130
5422,130
5423,130
5424,130
5425,130
5426,130
5427,130
5428,130
5429,130
5430,130
5431,130
5432,130
5433,130
5434,130
5435,130
5436,130
5437,130
5438,130
5439,130
5440,130
5441,130
5442,130
5443,130
5444,130
5445,130
5446,130
5447,130
5448,130
5449,130
5450,131
5451,131
5452,131
5453,131
5454,131
5455,131
5456,131
5457,131
5458,131
5459,131
5460,131
5461,131
5462,131
5463,131
5464,131
5465,131
5466,131
5467,131
5468,131
5469,131
5470,131
5471,131
5472,131
5473,131
5474,131
5475,131
5476,131
5477,131
5478,131
5479,131
5480,131
5481,131
5482,131
5483,131
5484,131
5485,131
5486,131
5487,131
5488,131
5489,131
5490,131
5491,131
5492,131
5493,131
5494,131
5495,131
5496,131
5497,131
5498,131
5499,131
5500,131
5501,131
5502,131
5503,132
5504,132
5505,132
5506,132
5507,132
5508,132
5509,132
5510,132
5511,132
5512,132
5513,132
5514,132
5515,132
5516,132
5517,132
5518,132
5519,132
5520,132
5521,132
5522,132
5523,132
5524,132
5525,132
5526,132
5527,132
5528,132
5529,132
5530,132
5531,132
5532,132
5533,132
5534,132
5535,132
5536,132
5537,132
5538,132
5539,132
5540,132
5541,132
5542,132
5543,132
5544,132
5545,132
5546,132
5547,132
5548,132
5549,132
5550,132
5551,132
5552,132
5553,132
5554,132
5555,132
5556,132
5557,132
5558,133
5559,133
5560,133
5561,133
5562,133
5563,133
5564,133
5565,133
5566,133
5567,133
5568,133
5569,133
5570,133
5571,133
5572,133
5573,133
5574,133
5575,133
5576,133
5577,133
5578,133
5579,133
5580,133
5581,133
5582,133
5583,133
5584,133
5585,133
5586,133
5587,133
5588,133
5589,133
5590,133
5591,133
5592,133
5593,133
5594,133
5595,133
5596,133
5597,133
5598,133
5599,133
5600,133
5601,133
5602,133
5603,133
5604,133
5605,133
5606,133
5607,133
5608,133
5609,133
5610,133
5611,133
5612,133
5613,134
5614,134
5615,134
5616,134
5617,134
5618,134
5619,134
5620,134
5621,134
5622,134
5623,134
5624,134
5625,134
5626,134
5627,134
5628,134
5629,134
5630,134
5631,134
5632,134
5633,134
5634,134
5635,134
5636,134
5637,134
5638,134
5639,134
5640,134
5641,134
5642,134
5643,134
5644,134
5645,134
5646,134
5647,134
5648,134
5649,134
5650,134
5651,134
5652,134
5653,134
5654,134
5655,134
5656,134
5657,134
5658,134
5659,134
5660,134
5661,134
5662,134
5663,134
5664,134
5665,134
5666,134
5667,134
5668,135
5669,135
5670,135
5671,135
5672,135
5673,135
5674,135
5675,135
5676,135
5677,135
5678,135
5679,135
5680,135
5681,135
5682,135
5683,135
5684,135
5685,135
5686,135
5687,135
5688,135
5689,135
5690,135
5691,135
5692,135
5693,135
5694,135
5695,135
5696,135
5697,135
5698,135
5699,135
5700,135
5701,135
5702,135
5703,135
5704,135
5705,135
5706,135
5707,135
5708,135
5709,135
5710,135
5711,135
5712,135
5713,135
5714,135
5715,135
5716,135
5717,135
5718,135
5719,135
5720,135
5721,135
5722,135
5723,136
5724,136
5725,136
5726,136
5727,136
5728,136
5729,136
5730,136
5731,136
5732,136
5733,136
5734,136
5735,136
5736,136
5737,136
5738,136
5739,136
5740,136
5741,136
5742,136
5743,136
5744,136
5745,136
5746,136
5747,136
5748,136
5749,136
5750,136
5751,136
5752,136
5753,136
5754,136
5755,136
5756,136
5757,136
5758,136
5759,136
5760,136
5761,136
5762,136
5763,136
5764,136
5765,136
5766,136
5767,136
5768,136
5769,136
5770,136
5771,136
5772,136
5773,136
5774,136
5775,136
5776,136
5777,137
5778,137
5779,137
5780,137
5781,137
5782,137
5783,137
5784,137
5785,137
5786,137
5787,137
5788,137
5789,137
5790,137
5791,137
5792,137
5793,137
5794,137
5795,137
5796,137
5797,137
5798,137
5799,137
5800,137
5801,137
5802,137
5803,137
5804,137
5805,137
5806,137
5807,137
5808,137
5809,137
5810,137
5811,137
5812,137
5813,137
5814,137
5815,137
5816,137
5817,137
5818,137
5819,137
5820,137
5821,137
5822,137
5823,137
5824,137
5825,137
5826,137
5827,137
5828,137
5829,137
5830,137
5831,138
5832,138
5833,138
5834,138
5835,138
5836,138
5837,138
5838,138
5839,138
5840,138
5841,138
5842,138
5843,138
5844,138
5845,138
5846,138
5847,138
5848,138
5849,138
5850,138
5851,138
5852,138
5853,138
5854,138
5855,138
5856,138
5857,138
5858,138
5859,138
5860,138
5861,138
5862,138
5863,138
5864,138
5865,138
5866,138
5867,138
5868,138
5869,138
5870,138
5871,138
5872,138
5873,138
5874,138
5875,138
5876,138
5877,138
5878,138
5879,138
5880,138
5881,138
5882,138
5883,138
5884,138
5885,139
5886,139
5887,139
5888,139
5889,139
5890,139
5891,139
5892,139
5893,139
5894,139
5895,139
5896,139
5897,139
5898,139
5899,139
5900,139
5901,139
5902,139
5903,139
5904,139
5905,139
5906,139
5907,139
5908,139
5909,139
5910,139
5911,139
5912,139
5913,139
5914,139
5915,139
5916,139
5917,139
5918,139
5919,139
5920,139
5921,139
5922,139
5923,139
5924,139
5925,139
5926,139
5927,139
5928,139
5929,139
5930,139
5931,139
5932,139
5933,139
5934,139
5935,139
5936,139
5937,139
5938,140
5939,140
5940,140
5941,140
5942,140
5943,140
5944,140
5945,140
5946,140
5947,140
5948,140
5949,140
5950,140
5951,140
5952,140
5953,140
5954,140
5955,140
5956,140
5957,140
5958,140
5959,140
5960,140
5961,140
5962,140
5963,140
5964,140
5965,140
5966,140
5967,140
5968,140
5969,140
5970,140
5971,140
5972,140
5973,140
5974,140
5975,140
5976,140
5977,140
5978,140
5979,140
5980,140
5981,140
5982,140
5983,140
5984,140
5985,140
5986,140
5987,140
5988,140
5989,140
5990,140
5991,141
5992,141
5993,141
5994,141
5995,141
5996,141
5997,141
5998,141
5999,141
6000,141
6001,141
6002,141
6003,141
6004,141
6005,141
6006,141
6007,141
6008,141
6009,141
6010,141
6011,141
6012,141
6013,141
6014,141
6015,141
6016,141
6017,141
6018,141
6019,141
6020,141
6021,141
6022,141
6023,141
6024,141
6025,141
6026,141
6027,141
6028,141
6029,141
6030,141
6031,141
6032,141
6033,141
6034,141
6035,141
6036,141
6037,141
6038,141
6039,141
6040,141
6041,141
6042,141
6043,141
6044,141
6045,142
6046,142
6047,142
6048,142
6049,142
6050,142
6051,142
6052,142
6053,142
6054,142
6055,142
6056,142
6057,142
6058,142
6059,142
6060,142
6061,142
6062,142
6063,142
6064,142
6065,142
6066,142
6067,142
6068,142
6069,142
6070,142
6071,142
6072,142
6073,142
6074,142
6075,142
6076,142
6077,142
6078,142
6079,142
6080,142
6081,142
6082,142
6083,142
6084,142
6085,142
6086,142
6087,142
6088,142
6089,142
6090,142
6091,142
6092,142
6093,142
6094,142
6095,142
6096,142
6097,142
6098,143
6099,143
6100,143
6101,143
6102,143
6103,143
6104,143
6105,143
6106,143
6107,143
6108,143
6109,143
6110,143
6111,143
6112,143
6113,143
6114,143
6115,143
6116,143
6117,143
6118,143
6119,143
6120,143
6121,143
6122,143
6123,143
6124,143
6125,143
6126,143
6127,143
6128,143
6129,143
6130,143
6131,143
6132,143
6133,143
6134,143
6135,143
6136,143
6137,143
6138,143
6139,143
6140,143
6141,143
6142,143
6143,143
6144,143
6145,143
6146,143
6147,143
6148,143
6149,143
6150,144
6151,144
6152,144
6153,144
6154,144
6155,144
6156,144
6157,144
6158,144
6159,144
6160,144
6161,144
6162,144
6163,144
6164,144
6165,144
6166,144
6167,144
6168,144
6169,144
6170,144
6171,144
6172,144
6173,144
6174,144
6175,144
6176,144
6177,144
6178,144
6179,144
6180,144
6181,144
6182,144
6183,144
6184,144
6185,144
6186,144
6187,144
6188,144
6189,144
6190,144
6191,144
6192,144
6193,144
6194,144
6195,144
6196,144
6197,144
6198,144
6199,144
6200,144
6201,144
6202,144
6203,145
6204,145
6205,145
6206,145
6207,145
6208,145
6209,145
6210,145
6211,145
6212,145
6213,145
6214,145
6215,145
6216,145
6217,145
6218,145
6219,145
6220,145
6221,145
6222,145
6223,145
6224,145
6225,145
6226,145
6227,145
6228,145
6229,145
6230,145
6231,145
6232,145
6233,145
6234,145
6235,145
6236,145
6237,145
6238,145
6239,145
6240,145
6241,145
6242,145
6243,145
6244,145
6245,145
6246,145
6247,145
6248,145
6249,145
6250,145
6251,145
6252,145
6253,145
6254,145
6255,145
6256,146
6257,146
6258,146
6259,146
6260,146
6261,146
6262,146
6263,146
6264,146
6265,146
6266,146
6267,146
6268,146
6269,146
6270,146
6271,146
6272,146
6273,146
6274,146
6275,146
6276,146
6277,146
6278,146
6279,146
6280,146
6281,146
6282,146
6283,146
6284,146
6285,146
6286,146
6287,146
6288,146
6289,146
6290,146
6291,146
6292,146
6293,146
6294,146
6295,146
6296,146
6297,146
6298,146
6299,146
6300,146
6301,146
6302,146
6303,146
6304,146
6305,146
6306,146
6307,146
6308,147
6309,147
6310,147
6311,147
6312,147
6313,147
6314,147
6315,147
6316,147
6317,147
6318,147
6319,147
6320,147
6321,147
6322,147
6323,147
6324,147
6325,147
6326,147
6327,147
6328,147
6329,147
6330,147
6331,147
6332,147
6333,147
6334,147
6335,147
6336,147
6337,147
6338,147
6339,147
6340,147
6341,147
6342,147
6343,147
6344,147
6345,147
6346,147
6347,147
6348,147
6349,147
6350,147
6351,147
6352,147
6353,147
6354,147
6355,147
6356,147
6357,147
6358,147
6359,148
6360,148
6361,148
6362,148
6363,148
6364,148
6365,148
6366,148
6367,148
6368,148
6369,148
6370,148
6371,148
6372,148
6373,148
6374,148
6375,148
6376,148
6377,148
6378,148
6379,148
6380,148
6381,148
6382,148
6383,148
6384,148
6385,148
6386,148
6387,148
6388,148
6389,148
6390,148
6391,148
6392,148
6393,148
6394,148
6395,148
6396,148
6397,148
6398,148
6399,148
6400,148
6401,148
6402,148
6403,148
6404,148
6405,148
6406,148
6407,148
6408,148
6409,148
6410,148
6411,149
6412,149
6413,149
6414,149
6415,149
6416,149
6417,149
6418,149
6419,149
6420,149
6421,149
6422,149
6423,149
6424,149
6425,149
6426,149
6427,149
6428,149
6429,149
6430,149
6431,149
6432,149
6433,149
6434,149
6435,149
6436,149
6437,149
6438,149
6439,149
6440,149
6441,149
6442,149
6443,149
6444,149
6445,149
6446,149
6447,149
6448,149
6449,149
6450,149
6451,149
6452,149
6453,149
6454,149
6455,149
6456,149
6457,149
6458,149
6459,149
6460,149
6461,149
6462,149
6463,150
6464,150
6465,150
6466,150
6467,150
6468,150
6469,150
6470,150
6471,150
6472,150
6473,150
6474,150
6475,150
6476,150
6477,150
6478,150
6479,150
6480,150
6481,150
6482,150
6483,150
6484,150
6485,150
6486,150
6487,150
6488,150
6489,150
6490,150
6491,150
6492,150
6493,150
6494,150
6495,150
6496,150
6497,150
6498,150
6499,150
6500,150
6501,150
6502,150
6503,150
6504,150
6505,150
6506,150
6507,150
6508,150
6509,150
6510,150
6511,150
6512,150
6513,151
6514,151
6515,151
6516,151
6517,151
6518,151
6519,151
6520,151
6521,151
6522,151
6523,151
6524,151
6525,151
6526,151
6527,151
6528,151
6529,151
6530,151
6531,151
6532,151
6533,151
6534,151
6535,151
6536,151
6537,151
6538,151
6539,151
6540,151
6541,151
6542,151
6543,151
6544,151
6545,151
6546,151
6547,151
6548,151
6549,151
6550,151
6551,151
6552,151
6553,151
6554,151
6555,151
6556,151
6557,151
6558,151
6559,151
6560,151
6561,152
6562,152
6563,152
6564,152
6565,152
6566,152
6567,152
6568,152
6569,152
6570,152
6571,152
6572,152
6573,152
6574,152
6575,152
6576,152
6577,152
6578,152
6579,152
6580,152
6581,152
6582,152
6583,152
6584,152
6585,152
6586,152
6587,152
6588,152
6589,152
6590,152
6591,152
6592,152
6593,152
6594,152
6595,152
6596,152
6597,152
6598,152
6599,152
6600,152
6601,152
6602,152
6603,152
6604,152
6605,152
6606,152
6607,152
6608,152
6609,153
6610,153
6611,153
6612,153
6613,153
6614,153
6615,153
6616,153
6617,153
6618,153
6619,153
6620,153
6621,153
6622,153
6623,153
6624,153
6625,153
6626,153
6627,153
6628,153
6629,153
6630,153
6631,153
6632,153
6633,153
6634,153
6635,153
6636,153
6637,153
6638,153
6639,153
6640,153
6641,153
6642,153
6643,153
6644,153
6645,153
6646,153
6647,153
6648,153
6649,153
6650,153
6651,153
6652,153
6653,153
6654,153
6655,154
6656,154
6657,154
6658,154
6659,154
6660,154
6661,154
6662,154
6663,154
6664,154
6665,154
6666,154
6667,154
6668,154
6669,154
6670,154
6671,154
6672,154
6673,154
6674,154
6675,154
6676,154
6677,154
6678,154
6679,154
6680,154
6681,154
6682,154
6683,154
6684,154
6685,154
6686,154
6687,154
6688,154
6689,154
6690,154
6691,154
6692,154
6693,154
6694,154
6695,154
6696,154
6697,154
6698,154
6699,154
6700,154
6701,155
6702,155
6703,155
6704,155
6705,155
6706,155
6707,155
6708,155
6709,155
6710,155
6711,155
6712,155
6713,155
6714,155
6715,155
6716,155
6717,155
6718,155
6719,155
6720,155
6721,155
6722,155
6723,155
6724,155
6725,155
6726,155
6727,155
6728,155
6729,155
6730,155
6731,155
6732,155
6733,155
6734,155
6735,155
6736,155
6737,155
6738,155
6739,155
6740,155
6741,155
6742,155
6743,155
6744,155
6745,155
6746,155
6747,156
6748,156
6749,156
6750,156
6751,156
6752,156
6753,156
6754,156
6755,156
6756,156
6757,156
6758,156
6759,156
6760,156
6761,156
6762,156
6763,156
6764,156
6765,156
6766,156
6767,156
6768,156
6769,156
6770,156
6771,156
6772,156
6773,156
6774,156
6775,156
6776,156
6777,156
6778,156
6779,156
6780,156
6781,156
6782,156
6783,156
6784,156
6785,156
6786,156
6787,156
6788,156
6789,156
6790,156
6791,156
6792,156
6793,157
6794,157
6795,157
6796,157
6797,157
6798,157
6799,157
6800,157
6801,157
6802,157
6803,157
6804,157
6805,157
6806,157
6807,157
6808,157
6809,157
6810,157
6811,157
6812,157
6813,157
6814,157
6815,157
6816,157
6817,157
6818,157
6819,157
6820,157
6821,157
6822,157
6823,157
6824,157
6825,157
6826,157
6827,157
6828,157
6829,157
6830,157
6831,157
6832,157
6833,157
6834,157
6835,157
6836,157
6837,157
6838,158
6839,158
6840,158
6841,158
6842,158
6843,158
6844,158
6845,158
6846,158
6847,158
6848,158
6849,158
6850,158
6851,158
6852,158
6853,158
6854,158
6855,158
6856,158
6857,158
6858,158
6859,158
6860,158
6861,158
6862,158
6863,158
6864,158
6865,158
6866,158
6867,158
6868,158
6869,158
6870,158
6871,158
6872,158
6873,158
6874,158
6875,158
6876,158
6877,158
6878,158
6879,158
6880,158
6881,158
6882,159
6883,159
6884,159
6885,159
6886,159
6887,159
6888,159
6889,159
6890,159
6891,159
6892,159
6893,159
6894,159
6895,159
6896,159
6897,159
6898,159
6899,159
6900,159
6901,159
6902,159
6903,159
6904,159
6905,159
6906,159
6907,159
6908,159
6909,159
6910,159
6911,159
6912,159
6913,159
6914,159
6915,159
6916,159
6917,159
6918,159
6919,159
6920,159
6921,159
6922,159
6923,159
6924,159
6925,160
6926,160
6927,160
6928,160
6929,160
6930,160
6931,160
6932,160
6933,160
6934,160
6935,160
6936,160
6937,160
6938,160
6939,160
6940,160
6941,160
6942,160
6943,160
6944,160
6945,160
6946,160
6947,160
6948,160
6949,160
6950,160
6951,160
6952,160
6953,160
6954,160
6955,160
6956,160
6957,160
6958,160
6959,160
6960,160
6961,160
6962,160
6963,160
6964,160
6965,160
6966,160
6967,161
6968,161
6969,161
6970,161
6971,161
6972,161
6973,161
6974,161
6975,161
6976,161
6977,161
6978,161
6979,161
6980,161
6981,161
6982,161
6983,161
6984,161
6985,161
6986,161
6987,161
6988,161
6989,161
6990,161
6991,161
6992,161
6993,161
6994,161
6995,161
6996,161
6997,161
6998,161
6999,161
7000,161
7001,161
7002,161
7003,161
7004,161
7005,161
7006,161
7007,161
7008,161
7009,162
7010,162
7011,162
7012,162
7013,162
7014,162
7015,162
7016,162
7017,162
7018,162
7019,162
7020,162
7021,162
7022,162
7023,162
7024,162
7025,162
7026,162
7027,162
7028,162
7029,162
7030,162
7031,162
7032,162
7033,162
7034,162
7035,162
7036,162
7037,162
7038,162
7039,162
7040,162
7041,162
7042,162
7043,162
7044,162
7045,162
7046,162
7047,162
7048,162
7049,162
7050,162
7051,162
7052,163
7053,163
7054,163
7055,163
7056,163
7057,163
7058,163
7059,163
7060,163
7061,163
7062,163
7063,163
7064,163
7065,163
7066,163
7067,163
7068,163
7069,163
7070,163
7071,163
7072,163
7073,163
7074,163
7075,163
7076,163
7077,163
7078,163
7079,163
7080,163
7081,163
7082,163
7083,163
7084,163
7085,163
7086,163
7087,163
7088,163
7089,163
7090,163
7091,163
7092,163
7093,163
7094,163
7095,164
7096,164
7097,164
7098,164
7099,164
7100,164
7101,164
7102,164
7103,164
7104,164
7105,164
7106,164
7107,164
7108,164
7109,164
7110,164
7111,164
7112,164
7113,164
7114,164
7115,164
7116,164
7117,164
7118,164
7119,164
7120,164
7121,164
7122,164
7123,164
7124,164
7125,164
7126,164
7127,164
7128,164
7129,164
7130,164
7131,164
7132,164
7133,164
7134,164
7135,164
7136,164
7137,164
7138,165
7139,165
7140,165
7141,165
7142,165
7143,165
7144,165
7145,165
7146,165
7147,165
7148,165
7149,165
7150,165
7151,165
7152,165
7153,165
7154,165
7155,165
7156,165
7157,165
7158,165
7159,165
7160,165
7161,165
7162,165
7163,165
7164,165
7165,165
7166,165
7167,165
7168,165
7169,165
7170,165
7171,165
7172,165
7173,165
7174,165
7175,165
7176,165
7177,165
7178,165
7179,165
7180,165
7181,166
7182,166
7183,166
7184,166
7185,166
7186,166
7187,166
7188,166
7189,166
7190,166
7191,166
7192,166
7193,166
7194,166
7195,166
7196,166
7197,166
7198,166
7199,166
7200,166
7201,166
7202,166
7203,166
7204,166
7205,166
7206,166
7207,166
7208,166
7209,166
7210,166
7211,166
7212,166
7213,166
7214,166
7215,166
7216,166
7217,166
7218,166
7219,166
7220,166
7221,166
7222,166
7223,166
7224,167
7225,167
7226,167
7227,167
7228,167
7229,167
7230,167
7231,167
7232,167
7233,167
7234,167
7235,167
7236,167
7237,167
7238,167
7239,167
7240,167
7241,167
7242,167
7243,167
7244,167
7245,167
7246,167
7247,167
7248,167
7249,167
7250,167
7251,167
7252,167
7253,167
7254,167
7255,167
7256,167
7257,167
7258,167
7259,167
7260,167
7261,167
7262,167
7263,167
7264,167
7265,167
7266,167
7267,168
7268,168
7269,168
7270,168
7271,168
7272,168
7273,168
7274,168
7275,168
7276,168
7277,168
7278,168
7279,168
7280,168
7281,168
7282,168
7283,168
7284,168
7285,168
7286,168
7287,168
7288,168
7289,168
7290,168
7291,168
7292,168
7293,168
7294,168
7295,168
7296,168
7297,168
7298,168
7299,168
7300,168
7301,168
7302,168
7303,168
7304,168
7305,168
7306,168
7307,168
7308,168
7309,169
7310,169
7311,169
7312,169
7313,169
7314,169
7315,169
7316,169
7317,169
7318,169
7319,169
7320,169
7321,169
7322,169
7323,169
7324,169
7325,169
7326,169
7327,169
7328,169
7329,169
7330,169
7331,169
7332,169
7333,169
7334,169
7335,169
7336,169
7337,169
7338,169
7339,169
7340,169
7341,169
7342,169
7343,169
7344,169
7345,169
7346,169
7347,169
7348,169
7349,170
7350,170
7351,170
7352,170
7353,170
7354,170
7355,170
7356,170
7357,170
7358,170
7359,170
7360,170
7361,170
7362,170
7363,170
7364,170
7365,170
7366,170
7367,170
7368,170
7369,170
7370,170
7371,170
7372,170
7373,170
7374,170
7375,170
7376,170
7377,170
7378,170
7379,170
7380,170
7381,170
7382,170
7383,170
7384,170
7385,170
7386,170
7387,170
7388,171
7389,171
7390,171
7391,171
7392,171
7393,171
7394,171
7395,171
7396,171
7397,171
7398,171
7399,171
7400,171
7401,171
7402,171
7403,171
7404,171
7405,171
7406,171
7407,171
7408,171
7409,171
7410,171
7411,171
7412,171
7413,171
7414,171
7415,171
7416,171
7417,171
7418,171
7419,171
7420,171
7421,171
7422,171
7423,171
7424,171
7425,171
7426,171
7427,172
7428,172
7429,172
7430,172
7431,172
7432,172
7433,172
7434,172
7435,172
7436,172
7437,172
7438,172
7439,172
7440,172
7441,172
7442,172
7443,172
7444,172
7445,172
7446,172
7447,172
7448,172
7449,172
7450,172
7451,172
7452,172
7453,172
7454,172
7455,172
7456,172
7457,172
7458,172
7459,172
7460,172
7461,172
7462,172
7463,172
7464,172
7465,172
7466,173
7467,173
7468,173
7469,173
7470,173
7471,173
7472,173
7473,173
7474,173
7475,173
7476,173
7477,173
7478,173
7479,173
7480,173
7481,173
7482,173
7483,173
7484,173
7485,173
7486,173
7487,173
7488,173
7489,173
7490,173
7491,173
7492,173
7493,173
7494,173
7495,173
7496,173
7497,173
7498,173
7499,173
7500,173
7501,173
7502,173
7503,173
7504,173
7505,174
7506,174
7507,174
7508,174
7509,174
7510,174
7511,174
7512,174
7513,174
7514,174
7515,174
7516,174
7517,174
7518,174
7519,174
7520,174
7521,174
7522,174
7523,174
7524,174
7525,174
7526,174
7527,174
7528,174
7529,174
7530,174
7531,174
7532,174
7533,174
7534,174
7535,174
7536,174
7537,174
7538,174
7539,174
7540,174
7541,174
7542,174
7543,174
7544,175
7545,175
7546,175
7547,175
7548,175
7549,175
7550,175
7551,175
7552,175
7553,175
7554,175
7555,175
7556,175
7557,175
7558,175
7559,175
7560,175
7561,175
7562,175
7563,175
7564,175
7565,175
7566,175
7567,175
7568,175
7569,175
7570,175
7571,175
7572,175
7573,175
7574,175
7575,175
7576,175
7577,175
7578,175
7579,175
7580,175
7581,175
7582,176
7583,176
7584,176
7585,176
7586,176
7587,176
7588,176
7589,176
7590,176
7591,176
7592,176
7593,176
7594,176
7595,176
7596,176
7597,176
7598,176
7599,176
7600,176
7601,176
7602,176
7603,176
7604,176
7605,176
7606,176
7607,176
7608,176
7609,176
7610,176
7611,176
7612,176
7613,176
7614,176
7615,176
7616,176
7617,176
7618,176
7619,177
7620,177
7621,177
7622,177
7623,177
7624,177
7625,177
7626,177
7627,177
7628,177
7629,177
7630,177
7631,177
7632,177
7633,177
7634,177
7635,177
7636,177
7637,177
7638,177
7639,177
7640,177
7641,177
7642,177
7643,177
7644,177
7645,177
7646,177
7647,177
7648,177
7649,177
7650,177
7651,177
7652,177
7653,177
7654,178
7655,178
7656,178
7657,178
7658,178
7659,178
7660,178
7661,178
7662,178
7663,178
7664,178
7665,178
7666,178
7667,178
7668,178
7669,178
7670,178
7671,178
7672,178
7673,178
7674,178
7675,178
7676,178
7677,178
7678,178
7679,178
7680,178
7681,178
7682,178
7683,178
7684,178
7685,178
7686,178
7687,178
7688,178
7689,179
7690,179
7691,179
7692,179
7693,179
7694,179
7695,179
7696,179
7697,179
7698,179
7699,179
7700,179
7701,179
7702,179
7703,179
7704,179
7705,179
7706,179
7707,179
7708,179
7709,179
7710,179
7711,179
7712,179
7713,179
7714,179
7715,179
7716,179
7717,179
7718,179
7719,179
7720,179
7721,179
7722,180
7723,180
7724,180
7725,180
7726,180
7727,180
7728,180
7729,180
7730,180
7731,180
7732,180
7733,180
7734,180
7735,180
7736,180
7737,180
7738,180
7739,180
7740,180
7741,180
7742,180
7743,180
7744,180
7745,180
7746,180
7747,180
7748,180
7749,180
7750,180
7751,180
7752,180
7753,180
7754,180
7755,181
7756,181
7757,181
7758,181
7759,181
7760,181
7761,181
7762,181
7763,181
7764,181
7765,181
7766,181
7767,181
7768,181
7769,181
7770,181
7771,181
7772,181
7773,181
7774,181
7775,181
7776,181
7777,181
7778,181
7779,181
7780,181
7781,181
7782,181
7783,181
7784,181
7785,181
7786,181
7787,181
7788,182
7789,182
7790,182
7791,182
7792,182
7793,182
7794,182
7795,182
7796,182
7797,182
7798,182
7799,182
7800,182
7801,182
7802,182
7803,182
7804,182
7805,182
7806,182
7807,182
7808,182
7809,182
7810,182
7811,182
7812,182
7813,182
7814,182
7815,182
7816,182
7817,182
7818,182
7819,182
7820,182
7821,183
7822,183
7823,183
7824,183
7825,183
7826,183
7827,183
7828,183
7829,183
7830,183
7831,183
7832,183
7833,183
7834,183
7835,183
7836,183
7837,183
7838,183
7839,183
7840,183
7841,183
7842,183
7843,183
7844,183
7845,183
7846,183
7847,183
7848,183
7849,183
7850,183
7851,183
7852,183
7853,183
7854,184
7855,184
7856,184
7857,184
7858,184
7859,184
7860,184
7861,184
7862,184
7863,184
7864,184
7865,184
7866,184
7867,184
7868,184
7869,184
7870,184
7871,184
7872,184
7873,184
7874,184
7875,184
7876,184
7877,184
7878,184
7879,184
7880,184
7881,184
7882,184
7883,184
7884,184
7885,184
7886,185
7887,185
7888,185
7889,185
7890,185
7891,185
7892,185
7893,185
7894,185
7895,185
7896,185
7897,185
7898,185
7899,185
7900,185
7901,185
7902,185
7903,185
7904,185
7905,185
7906,185
7907,185
7908,185
7909,185
7910,185
7911,185
7912,185
7913,185
7914,185
7915,185
7916,185
7917,185
7918,186
7919,186
7920,186
7921,186
7922,186
7923,186
7924,186
7925,186
7926,186
7927,186
7928,186
7929,186
7930,186
7931,186
7932,186
7933,186
7934,186
7935,186
7936,186
7937,186
7938,186
7939,186
7940,186
7941,186
7942,186
7943,186
7944,186
7945,186
7946,186
7947,186
7948,186
7949,186
7950,186
7951,187
7952,187
7953,187
7954,187
7955,187
7956,187
7957,187
7958,187
7959,187
7960,187
7961,187
7962,187
7963,187
7964,187
7965,187
7966,187
7967,187
7968,187
7969,187
7970,187
7971,187
7972,187
7973,187
7974,187
7975,187
7976,187
7977,187
7978,187
7979,187
7980,187
7981,187
7982,187
7983,187
7984,187
7985,187
7986,188
7987,188
7988,188
7989,188
7990,188
7991,188
7992,188
7993,188
7994,188
7995,188
7996,188
7997,188
7998,188
7999,188
8000,188
8001,188
8002,188
8003,188
8004,188
8005,188
8006,188
8007,188
8008,188
8009,188
8010,188
8011,188
8012,188
8013,188
8014,188
8015,188
8016,188
8017,188
8018,188
8019,189
8020,189
8021,189
8022,189
8023,189
8024,189
8025,189
8026,189
8027,189
8028,189
8029,189
8030,189
8031,189
8032,189
8033,189
8034,189
8035,189
8036,189
8037,189
8038,189
8039,189
8040,189
8041,189
8042,189
8043,189
8044,189
8045,189
8046,189
8047,189
8048,189
8049,189
8050,189
8051,189
8052,190
8053,190
8054,190
8055,190
8056,190
8057,190
8058,190
8059,190
8060,190
8061,190
8062,190
8063,190
8064,190
8065,190
8066,190
8067,190
8068,190
8069,190
8070,190
8071,190
8072,190
8073,190
8074,190
8075,190
8076,190
8077,190
8078,190
8079,190
8080,190
8081,190
8082,190
8083,190
8084,191
8085,191
8086,191
8087,191
8088,191
8089,191
8090,191
8091,191
8092,191
8093,191
8094,191
8095,191
8096,191
8097,191
8098,191
8099,191
8100,191
8101,191
8102,191
8103,191
8104,191
8105,191
8106,191
8107,191
8108,191
8109,191
8110,191
8111,191
8112,191
8113,191
8114,191
8115,192
8116,192
8117,192
8118,192
8119,192
8120,192
8121,192
8122,192
8123,192
8124,192
8125,192
8126,192
8127,192
8128,192
8129,192
8130,192
8131,192
8132,192
8133,192
8134,192
8135,192
8136,192
8137,192
8138,192
8139,192
8140,192
8141,192
8142,192
8143,192
8144,192
8145,193
8146,193
8147,193
8148,193
8149,193
8150,193
8151,193
8152,193
8153,193
8154,193
8155,193
8156,193
8157,193
8158,193
8159,193
8160,193
8161,193
8162,193
8163,193
8164,193
8165,193
8166,193
8167,193
8168,193
8169,193
8170,193
8171,193
8172,193
8173,193
8174,193
8175,193
8176,194
8177,194
8178,194
8179,194
8180,194
8181,194
8182,194
8183,194
8184,194
8185,194
8186,194
8187,194
8188,194
8189,194
8190,194
8191,194
8192,194
8193,194
8194,194
8195,194
8196,194
8197,194
8198,194
8199,194
8200,194
8201,194
8202,194
8203,194
8204,194
8205,194
8206,195
8207,195
8208,195
8209,195
8210,195
8211,195
8212,195
8213,195
8214,195
8215,195
8216,195
8217,195
8218,195
8219,195
8220,195
8221,195
8222,195
8223,195
8224,195
8225,195
8226,195
8227,195
8228,195
8229,195
8230,195
8231,195
8232,195
8233,195
8234,195
8235,195
8236,196
8237,196
8238,196
8239,196
8240,196
8241,196
8242,196
8243,196
8244,196
8245,196
8246,196
8247,196
8248,196
8249,196
8250,196
8251,196
8252,196
8253,196
8254,196
8255,196
8256,196
8257,196
8258,196
8259,196
8260,196
8261,196
8262,196
8263,196
8264,196
8265,197
8266,197
8267,197
8268,197
8269,197
8270,197
8271,197
8272,197
8273,197
8274,197
8275,197
8276,197
8277,197
8278,197
8279,197
8280,197
8281,197
8282,197
8283,197
8284,197
8285,197
8286,197
8287,197
8288,197
8289,197
8290,197
8291,197
8292,198
8293,198
8294,198
8295,198
8296,198
8297,198
8298,198
8299,198
8300,198
8301,198
8302,198
8303,198
8304,198
8305,198
8306,198
8307,198
8308,198
8309,198
8310,198
8311,198
8312,198
8313,198
8314,198
8315,198
8316,198
8317,198
8318,199
8319,199
8320,199
8321,199
8322,199
8323,199
8324,199
8325,199
8326,199
8327,199
8328,199
8329,199
8330,199
8331,199
8332,199
8333,199
8334,199
8335,199
8336,199
8337,199
8338,199
8339,199
8340,199
8341,199
8342,199
8343,199
8344,200
8345,200
8346,200
8347,200
8348,200
8349,200
8350,200
8351,200
8352,200
8353,200
8354,200
8355,200
8356,200
8357,200
8358,200
8359,200
8360,200
8361,200
8362,200
8363,200
8364,200
8365,200
8366,200
8367,200
8368,200
8369,200
8370,201
8371,201
8372,201
8373,201
8374,201
8375,201
8376,201
8377,201
8378,201
8379,201
8380,201
8381,201
8382,201
8383,201
8384,201
8385,201
8386,201
8387,201
8388,201
8389,201
8390,201
8391,201
8392,201
8393,201
8394,201
8395,202
8396,202
8397,202
8398,202
8399,202
8400,202
8401,202
8402,202
8403,202
8404,202
8405,202
8406,202
8407,202
8408,202
8409,202
8410,202
8411,202
8412,202
8413,202
8414,202
8415,202
8416,202
8417,202
8418,202
8419,202
8420,203
8421,203
8422,203
8423,203
8424,203
8425,203
8426,203
8427,203
8428,203
8429,203
8430,203
8431,203
8432,203
8433,203
8434,203
8435,203
8436,203
8437,203
8438,203
8439,203
8440,203
8441,203
8442,203
8443,203
8444,203
8445,204
8446,204
8447,204
8448,204
8449,204
8450,204
8451,204
8452,204
8453,204
8454,204
8455,204
8456,204
8457,204
8458,204
8459,204
8460,204
8461,204
8462,204
8463,204
8464,204
8465,204
8466,204
8467,204
8468,204
8469,204
8470,205
8471,205
8472,205
8473,205
8474,205
8475,205
8476,205
8477,205
8478,205
8479,205
8480,205
8481,205
8482,205
8483,205
8484,205
8485,205
8486,205
8487,205
8488,205
8489,205
8490,205
8491,205
8492,205
8493,205
8494,205
8495,206
8496,206
8497,206
8498,206
8499,206
8500,206
8501,206
8502,206
8503,206
8504,206
8505,206
8506,206
8507,206
8508,206
8509,206
8510,206
8511,206
8512,206
8513,206
8514,206
8515,206
8516,206
8517,206
8518,206
8519,207
8520,207
8521,207
8522,207
8523,207
8524,207
8525,207
8526,207
8527,207
8528,207
8529,207
8530,207
8531,207
8532,207
8533,207
8534,207
8535,207
8536,207
8537,207
8538,207
8539,207
8540,207
8541,207
8542,207
8543,208
8544,208
8545,208
8546,208
8547,208
8548,208
8549,208
8550,208
8551,208
8552,208
8553,208
8554,208
8555,208
8556,208
8557,208
8558,208
8559,208
8560,208
8561,208
8562,208
8563,208
8564,208
8565,208
8566,208
8567,208
8568,209
8569,209
8570,209
8571,209
8572,209
8573,209
8574,209
8575,209
8576,209
8577,209
8578,209
8579,209
8580,209
8581,209
8582,209
8583,209
8584,209
8585,209
8586,209
8587,209
8588,209
8589,209
8590,209
8591,209
8592,209
8593,210
8594,210
8595,210
8596,210
8597,210
8598,210
8599,210
8600,210
8601,210
8602,210
8603,210
8604,210
8605,210
8606,210
8607,210
8608,210
8609,210
8610,210
8611,210
8612,210
8613,210
8614,210
8615,210
8616,210
8617,211
8618,211
8619,211
8620,211
8621,211
8622,211
8623,211
8624,211
8625,211
8626,211
8627,211
8628,211
8629,211
8630,211
8631,211
8632,211
8633,211
8634,211
8635,211
8636,211
8637,211
8638,211
8639,211
8640,211
8641,212
8642,212
8643,212
8644,212
8645,212
8646,212
8647,212
8648,212
8649,212
8650,212
8651,212
8652,212
8653,212
8654,212
8655,212
8656,212
8657,212
8658,212
8659,212
8660,212
8661,212
8662,212
8663,212
8664,212
8665,213
8666,213
8667,213
8668,213
8669,213
8670,213
8671,213
8672,213
8673,213
8674,213
8675,213
8676,213
8677,213
8678,213
8679,213
8680,213
8681,213
8682,213
8683,213
8684,213
8685,213
8686,213
8687,213
8688,213
8689,214
8690,214
8691,214
8692,214
8693,214
8694,214
8695,214
8696,214
8697,214
8698,214
8699,214
8700,214
8701,214
8702,214
8703,214
8704,214
8705,214
8706,214
8707,214
8708,214
8709,214
8710,214
8711,214
8712,214
8713,215
8714,215
8715,215
8716,215
8717,215
8718,215
8719,215
8720,215
8721,215
8722,215
8723,215
8724,215
8725,215
8726,215
8727,215
8728,215
8729,215
8730,215
8731,215
8732,215
8733,215
8734,215
8735,215
8736,215
8737,216
8738,216
8739,216
8740,216
8741,216
8742,216
8743,216
8744,216
8745,216
8746,216
8747,216
8748,216
8749,216
8750,216
8751,216
8752,216
8753,216
8754,216
8755,216
8756,216
8757,216
8758,216
8759,216
8760,216
8761,216
8762,217
8763,217
8764,217
8765,217
8766,217
8767,217
8768,217
8769,217
8770,217
8771,217
8772,217
8773,217
8774,217
8775,217
8776,217
8777,217
8778,217
8779,217
8780,217
8781,217
8782,217
8783,217
8784,217
8785,217
8786,217
8787,218
8788,218
8789,218
8790,218
8791,218
8792,218
8793,218
8794,218
8795,218
8796,218
8797,218
8798,218
8799,218
8800,218
8801,218
8802,218
8803,218
8804,218
8805,218
8806,218
8807,218
8808,218
8809,218
8810,218
8811,218
8812,219
8813,219
8814,219
8815,219
8816,219
8817,219
8818,219
8819,219
8820,219
8821,219
8822,219
8823,219
8824,219
8825,219
8826,219
8827,219
8828,219
8829,219
8830,219
8831,219
8832,219
8833,219
8834,219
8835,219
8836,219
8837,220
8838,220
8839,220
8840,220
8841,220
8842,220
8843,220
8844,220
8845,220
8846,220
8847,220
8848,220
8849,220
8850,220
8851,220
8852,220
8853,220
8854,220
8855,220
8856,220
8857,220
8858,220
8859,220
8860,220
8861,221
8862,221
8863,221
8864,221
8865,221
8866,221
8867,221
8868,221
8869,221
8870,221
8871,221
8872,221
8873,221
8874,221
8875,221
8876,221
8877,221
8878,221
8879,221
8880,221
8881,221
8882,221
8883,221
8884,221
8885,222
8886,222
8887,222
8888,222
8889,222
8890,222
8891,222
8892,222
8893,222
8894,222
8895,222
8896,222
8897,222
8898,222
8899,222
8900,222
8901,222
8902,222
8903,222
8904,222
8905,222
8906,222
8907,222
8908,222
8909,223
8910,223
8911,223
8912,223
8913,223
8914,223
8915,223
8916,223
8917,223
8918,223
8919,223
8920,223
8921,223
8922,223
8923,223
8924,223
8925,223
8926,223
8927,223
8928,223
8929,223
8930,223
8931,223
8932,223
8933,224
8934,224
8935,224
8936,224
8937,224
8938,224
8939,224
8940,224
8941,224
8942,224
8943,224
8944,224
8945,224
8946,224
8947,224
8948,224
8949,224
8950,224
8951,224
8952,224
8953,224
8954,224
8955,224
8956,225
8957,225
8958,225
8959,225
8960,225
8961,225
8962,225
8963,225
8964,225
8965,225
8966,225
8967,225
8968,225
8969,225
8970,225
8971,225
8972,225
8973,225
8974,225
8975,225
8976,225
8977,225
8978,225
8979,226
8980,226
8981,226
8982,226
8983,226
8984,226
8985,226
8986,226
8987,226
8988,226
8989,226
8990,226
8991,226
8992,226
8993,226
8994,226
8995,226
8996,226
8997,226
8998,226
8999,226
9000,226
9001,226
9002,227
9003,227
9004,227
9005,227
9006,227
9007,227
9008,227
9009,227
9010,227
9011,227
9012,227
9013,227
9014,227
9015,227
9016,227
9017,227
9018,227
9019,227
9020,227
9021,227
9022,227
9023,227
9024,227
9025,228
9026,228
9027,228
9028,228
9029,228
9030,228
9031,228
9032,228
9033,228
9034,228
9035,228
9036,228
9037,228
9038,228
9039,228
9040,228
9041,228
9042,228
9043,228
9044,228
9045,228
9046,228
9047,228
9048,229
9049,229
9050,229
9051,229
9052,229
9053,229
9054,229
9055,229
9056,229
9057,229
9058,229
9059,229
9060,229
9061,229
9062,229
9063,229
9064,229
9065,229
9066,229
9067,229
9068,229
9069,229
9070,229
9071,230
9072,230
9073,230
9074,230
9075,230
9076,230
9077,230
9078,230
9079,230
9080,230
9081,230
9082,230
9083,230
9084,230
9085,230
9086,230
9087,230
9088,230
9089,230
9090,230
9091,230
9092,230
9093,230
9094,231
9095,231
9096,231
9097,231
9098,231
9099,231
9100,231
9101,231
9102,231
9103,231
9104,231
9105,231
9106,231
9107,231
9108,231
9109,231
9110,231
9111,231
9112,231
9113,231
9114,231
9115,231
9116,231
9117,232
9118,232
9119,232
9120,232
9121,232
9122,232
9123,232
9124,232
9125,232
9126,232
9127,232
9128,232
9129,232
9130,232
9131,232
9132,232
9133,232
9134,232
9135,232
9136,232
9137,232
9138,232
9139,232
9140,233
9141,233
9142,233
9143,233
9144,233
9145,233
9146,233
9147,233
9148,233
9149,233
9150,233
9151,233
9152,233
9153,233
9154,233
9155,233
9156,233
9157,233
9158,233
9159,233
9160,233
9161,233
9162,234
9163,234
9164,234
9165,234
9166,234
9167,234
9168,234
9169,234
9170,234
9171,234
9172,234
9173,234
9174,234
9175,234
9176,234
9177,234
9178,234
9179,234
9180,234
9181,234
9182,234
9183,234
9184,235
9185,235
9186,235
9187,235
9188,235
9189,235
9190,235
9191,235
9192,235
9193,235
9194,235
9195,235
9196,235
9197,235
9198,235
9199,235
9200,235
9201,235
9202,235
9203,235
9204,235
9205,235
9206,236
9207,236
9208,236
9209,236
9210,236
9211,236
9212,236
9213,236
9214,236
9215,236
9216,236
9217,236
9218,236
9219,236
9220,236
9221,236
9222,236
9223,236
9224,236
9225,236
9226,236
9227,236
9228,237
9229,237
9230,237
9231,237
9232,237
9233,237
9234,237
9235,237
9236,237
9237,237
9238,237
9239,237
9240,237
9241,237
9242,237
9243,237
9244,237
9245,237
9246,237
9247,237
9248,237
9249,238
9250,238
9251,238
9252,238
9253,238
9254,238
9255,238
9256,238
9257,238
9258,238
9259,238
9260,238
9261,238
9262,238
9263,238
9264,238
9265,238
9266,238
9267,238
9268,238
9269,238
9270,239
9271,239
9272,239
9273,239
9274,239
9275,239
9276,239
9277,239
9278,239
9279,239
9280,239
9281,239
9282,239
9283,239
9284,239
9285,239
9286,239
9287,239
9288,239
9289,239
9290,239
9291,240
9292,240
9293,240
9294,240
9295,240
9296,240
9297,240
9298,240
9299,240
9300,240
9301,240
9302,240
9303,240
9304,240
9305,240
9306,240
9307,240
9308,240
9309,240
9310,240
9311,240
9312,241
9313,241
9314,241
9315,241
9316,241
9317,241
9318,241
9319,241
9320,241
9321,241
9322,241
9323,241
9324,241
9325,241
9326,241
9327,241
9328,241
9329,241
9330,241
9331,241
9332,241
9333,242
9334,242
9335,242
9336,242
9337,242
9338,242
9339,242
9340,242
9341,242
9342,242
9343,242
9344,242
9345,242
9346,242
9347,242
9348,242
9349,242
9350,242
9351,242
9352,242
9353,242
9354,243
9355,243
9356,243
9357,243
9358,243
9359,243
9360,243
9361,243
9362,243
9363,243
9364,243
9365,243
9366,243
9367,243
9368,243
9369,243
9370,243
9371,243
9372,243
9373,243
9374,243
9375,244
9376,244
9377,244
9378,244
9379,244
9380,244
9381,244
9382,244
9383,244
9384,244
9385,244
9386,244
9387,244
9388,244
9389,244
9390,244
9391,244
9392,244
9393,244
9394,244
9395,245
9396,245
9397,245
9398,245
9399,245
9400,245
9401,245
9402,245
9403,245
9404,245
9405,245
9406,245
9407,245
9408,245
9409,245
9410,245
9411,245
9412,245
9413,245
9414,245
9415,246
9416,246
9417,246
9418,246
9419,246
9420,246
9421,246
9422,246
9423,246
9424,246
9425,246
9426,246
9427,246
9428,246
9429,246
9430,246
9431,246
9432,246
9433,246
9434,246
9435,247
9436,247
9437,247
9438,247
9439,247
9440,247
9441,247
9442,247
9443,247
9444,247
9445,247
9446,247
9447,247
9448,247
9449,247
9450,247
9451,247
9452,247
9453,247
9454,247
9455,248
9456,248
9457,248
9458,248
9459,248
9460,248
9461,248
9462,248
9463,248
9464,248
9465,248
9466,248
9467,248
9468,248
9469,248
9470,248
9471,248
9472,248
9473,248
9474,248
9475,249
9476,249
9477,249
9478,249
9479,249
9480,249
9481,249
9482,249
9483,249
9484,249
9485,249
9486,249
9487,249
9488,249
9489,249
9490,249
9491,249
9492,249
9493,249
9494,250
9495,250
9496,250
9497,250
9498,250
9499,250
9500,250
9501,250
9502,250
9503,250
9504,250
9505,250
9506,250
9507,250
9508,250
9509,250
9510,250
9511,250
9512,250
9513,251
9514,251
9515,251
9516,251
9517,251
9518,251
9519,251
9520,251
9521,251
9522,251
9523,251
9524,251
9525,251
9526,251
9527,251
9528,251
9529,251
9530,252
9531,252
9532,252
9533,252
9534,252
9535,252
9536,252
9537,252
9538,252
9539,252
9540,252
9541,252
9542,252
9543,252
9544,252
9545,252
9546,252
9547,253
9548,253
9549,253
9550,253
9551,253
9552,253
9553,253
9554,253
9555,253
9556,253
9557,253
9558,253
9559,253
9560,253
9561,253
9562,253
9563,254
9564,254
9565,254
9566,254
9567,254
9568,254
9569,254
9570,254
9571,254
9572,254
9573,254
9574,254
9575,254
9576,254
9577,254
9578,254
9579,255
9580,255
9581,255
9582,255
9583,255
9584,255
9585,255
9586,255
9587,255
9588,255
9589,255
9590,255
9591,255
9592,255
9593,255
9594,255
9595,256
9596,256
9597,256
9598,256
9599,256
9600,256
9601,256
9602,256
9603,256
9604,256
9605,256
9606,256
9607,256
9608,256
9609,256
9610,257
9611,257
9612,257
9613,257
9614,257
9615,257
9616,257
9617,257
9618,257
9619,257
9620,257
9621,257
9622,257
9623,257
9624,258
9625,258
9626,258
9627,258
9628,258
9629,258
9630,258
9631,258
9632,258
9633,258
9634,258
9635,258
9636,259
9637,259
9638,259
9639,259
9640,259
9641,259
9642,259
9643,259
9644,259
9645,259
9646,259
9647,259
9648,260
9649,260
9650,260
9651,260
9652,260
9653,260
9654,260
9655,260
9656,260
9657,260
9658,260
9659,260
9660,261
9661,261
9662,261
9663,261
9664,261
9665,261
9666,261
9667,261
9668,261
9669,261
9670,261
9671,261
9672,262
9673,262
9674,262
9675,262
9676,262
9677,262
9678,262
9679,262
9680,262
9681,262
9682,262
9683,263
9684,263
9685,263
9686,263
9687,263
9688,263
9689,263
9690,263
9691,263
9692,263
9693,263
9694,264
9695,264
9696,264
9697,264
9698,264
9699,264
9700,264
9701,264
9702,264
9703,264
9704,264
9705,265
9706,265
9707,265
9708,265
9709,265
9710,265
9711,265
9712,265
9713,265
9714,265
9715,265
9716,266
9717,266
9718,266
9719,266
9720,266
9721,266
9722,266
9723,266
9724,266
9725,266
9726,267
9727,267
9728,267
9729,267
9730,267
9731,267
9732,267
9733,267
9734,267
9735,268
9736,268
9737,268
9738,268
9739,268
9740,268
9741,268
9742,268
9743,268
9744,269
9745,269
9746,269
9747,269
9748,269
9749,269
9750,269
9751,269
9752,270
9753,270
9754,270
9755,270
9756,270
9757,270
9758,270
9759,270
9760,271
9761,271
9762,271
9763,271
9764,271
9765,271
9766,271
9767,271
9768,272
9769,272
9770,272
9771,272
9772,272
9773,272
9774,272
9775,273
9776,273
9777,273
9778,273
9779,273
9780,273
9781,273
9782,274
9783,274
9784,274
9785,274
9786,274
9787,274
9788,274
9789,275
9790,275
9791,275
9792,275
9793,275
9794,275
9795,276
9796,276
9797,276
9798,276
9799,276
9800,276
9801,277
9802,277
9803,277
9804,277
9805,277
9806,277
9807,278
9808,278
9809,278
9810,278
9811,278
9812,278
9813,279
9814,279
9815,279
9816,279
9817,279
9818,279
9819,280
9820,280
9821,280
9822,280
9823,280
9824,281
9825,281
9826,281
9827,281
9828,281
9829,282
9830,282
9831,282
9832,282
9833,282
9834,283
9835,283
9836,283
9837,283
9838,283
9839,284
9840,284
9841,284
9842,284
9843,284
9844,285
9845,285
9846,285
9847,285
9848,285
9849,286
9850,286
9851,286
9852,286
9853,286
9854,287
9855,287
9856,287
9857,287
9858,287
9859,288
9860,288
9861,288
9862,288
9863,288
9864,289
9865,289
9866,289
9867,289
9868,289
9869,290
9870,290
9871,290
9872,290
9873,290
9874,291
9875,291
9876,291
9877,291
9878,291
9879,292
9880,292
9881,292
9882,292
9883,292
9884,293
9885,293
9886,293
9887,293
9888,293
9889,294
9890,294
9891,294
9892,294
9893,294
9894,295
9895,295
9896,295
9897,295
9898,296
9899,296
9900,296
9901,297
9902,297
9903,297
9904,298
9905,298
9906,298
9907,299
9908,299
9909,299
9910,300
9911,300
9912,301
9913,301
9914,302
9915,302
9916,303
9917,303
9918,304
9919,304
9920,305
9921,305
9922,306
9923,306
9924,307
9925,307
9926,308
9927,308
9928,309
9929,309
9930,310
9931,310
9932,311
9933,311
9934,312
9935,312
9936,313
9937,313
9938,314
9939,314
9940,315
9941,315
9942,316
9943,316
9944,317
9945,317
9946,318
9947,318
9948,319
9949,319
9950,320
9951,320
9952,321
9953,321
9954,322
9955,322
9956,323
9957,323
9958,324
9959,324
9960,325
9961,325
9962,326
9963,326
9964,327
9965,327
9966,328
9967,328
9968,329
9969,329
9970,330
9971,330
9972,331
9973,331
9974,332
9975,332
9976,333
9977,333
9978,334
9979,334
9980,335
9981,336
9982,337
9983,338
9984,339
9985,340
9986,341
9987,342
9988,343
9989,344
9990,345
9991,346
9992,347
9993,348
9994,349
9995,350
9996,351
9997,352
9998,353
